geo,name,2000,2001,2002,2003,2004,2005,2006,2007,2008,2009,2010,2011,2012,2013,2014,2015,2016,2017,2018,2019,2020,2021,2022
afg,Afghanistan,27.44186,27.47358,29.67486,31.87559,34.09443,36.33123,38.56712,41.08367,43.63261,46.21376,48.82697,51.47238,54.14949,56.85814,59.59816,62.36966,65.17216,68.00887,70.87994,73.78464,76.72226,79.69308,82.17537
ago,Angola,41.14431,42.25468,43.3768,44.36387,45.35133,46.33602,47.15023,47.96147,48.7704,49.57516,50.37684,51.17484,51.96854,52.75735,53.54151,54.31693,55.08427,55.84291,56.59175,56.88304,57.16774,57.44673,57.71956
alb,Albania,86.39704,86.90407,87.45164,87.9872,88.51058,89.02119,89.51913,90.00419,90.47615,90.93441,91.37948,91.81089,92.22878,92.6316,93.02006,93.39432,93.75488,94.1021,94.43639,94.75822,95.06804,95.08151,95.09456
and,Andorra,100,100,100,100,100,100,100,100,100,100,100,100,100,100,100,100,100,100,100,100,100,100,100
are,UAE,99.61583,99.61389,99.6348,99.65596,99.67738,99.69903,99.72092,99.74304,99.76541,99.78799,99.8108,99.83381,99.85701,99.88041,99.90399,99.92775,99.95168,99.97576,100,100,100,100,100
arg,Argentina,96.28403,96.52282,96.75547,96.98242,97.20435,97.42119,97.63321,97.84036,98.04288,98.24073,98.43405,98.62186,98.80529,98.8642,98.92325,98.98231,99.04137,,,,,,
arm,Armenia,95.33218,95.58796,95.85912,96.13686,96.41666,96.69846,96.9824,97.26837,97.55648,97.84664,98.13891,98.43331,98.72982,99.02892,99.32488,99.52456,99.52935,99.53441,99.91483,99.92817,99.94152,99.95489,99.9683
atg,Antigua and Barbuda,,,,,,,,,,98.36656,98.36618,98.36582,98.36571,98.36559,98.36548,98.36536,98.36526,98.36518,98.3651,98.36504,98.36499,98.36496,98.36494
aus,Australia,99.7123,99.71124,99.71219,99.73436,99.75634,99.77815,99.79977,99.82125,99.84256,99.86367,99.88314,99.89196,99.90077,99.90959,99.96148,99.97,99.96997,99.96994,99.96989,99.96985,99.96982,99.96977,99.96973
aut,Austria,100,100,100,100,100,100,100,100,100,100,100,100,100,100,100,100,100,100,100,100,100,100,100
aze,Azerbaijan,73.41658,74.63938,75.87028,77.10983,78.3575,79.61283,80.876,82.14714,83.42551,84.71125,86.00788,87.31426,88.62951,89.95286,91.28315,92.56932,93.35316,94.13123,94.90298,95.66775,96.36208,97.0071,97.64219
bdi,Burundi,50.66312,51.23448,51.80933,52.38733,52.96843,53.55263,54.14023,54.73087,55.3252,55.92217,56.52312,57.12766,57.73543,58.3474,58.96254,59.58147,60.20415,60.83055,61.46062,62.09432,62.20712,62.32256,62.44098
bel,Belgium,100,100,100,100,100,100,100,100,100,100,100,100,100,100,100,100,100,100,100,100,100,100,100
ben,Benin,61.74041,62.00165,62.27615,62.5733,62.86597,63.15366,63.43659,63.71491,63.98838,64.25656,64.51985,64.7782,65.03158,65.2796,65.52347,65.76276,65.99736,66.2272,66.4522,66.67227,66.88733,67.12591,67.36027
bfa,Burkina Faso,57.56042,57.74084,57.26702,56.80008,56.34176,55.89188,55.45223,54.97087,54.45223,53.93546,53.4217,52.91149,52.40498,51.90267,51.40548,50.91355,50.42741,49.94632,49.47116,49.00285,48.54099,49.02263,49.50587
bgd,Bangladesh,94.81892,94.99369,95.17377,95.35256,95.52997,95.70896,95.88471,96.0571,96.22598,96.39123,96.55283,96.7106,96.86438,97.01406,97.15966,97.3011,97.43839,97.57149,97.70041,97.82514,97.94568,98.03302,98.09706
bgr,Bulgaria,99.81302,99.77143,99.73061,99.69052,99.65116,99.61252,99.57459,99.53736,99.50083,99.46499,99.42983,99.39534,99.36155,99.32848,99.29611,99.26446,99.23351,99.20327,99.17373,99.14488,99.11674,99.0893,99.06253
bhr,Bahrain,99.95867,99.95673,99.95479,99.95285,99.95091,99.94897,99.94704,99.9451,99.94316,99.94122,99.93928,99.93734,99.93541,99.93347,99.93153,99.92959,99.92765,99.92571,99.92378,99.92184,99.9199,99.9199,99.9199
bhs,Bahamas,98.2455,98.28826,98.33102,98.37379,98.41655,98.45932,98.50208,98.54485,98.58761,98.63037,98.67314,98.7159,98.75867,98.80143,98.8442,98.88696,98.88696,98.88696,98.88696,98.88696,,,
bih,Bosnia and Herzegovina,97.2697,97.22156,97.17081,97.11741,97.06139,97.00271,96.94138,96.87739,96.81075,96.74145,96.6695,96.59487,96.45003,96.352,96.16813,96.15984,96.15126,96.14236,96.13317,96.1237,96.1139,96.10382,96.09347
blr,Belarus,98.35624,98.34854,98.3409,98.33334,98.32881,98.31888,98.311,98.30514,98.30126,98.29934,98.29926,98.30131,98.30555,98.31192,98.32036,98.33086,98.34333,98.35775,98.374,98.39199,98.65157,99.18792,99.17887
blz,Belize,87.43149,88.08196,88.7325,89.38311,90.0338,90.68455,91.33538,91.98628,92.63725,93.28828,93.93748,94.58761,95.23855,95.89019,96.5423,97.17559,97.58454,97.99258,98.39929,98.40055,98.40196,98.40351,98.40523
bol,Bolivia,80.77157,81.49409,82.1925,82.87855,83.55603,84.22429,84.88441,85.53546,86.17845,86.81248,87.43794,88.0552,88.664,89.25007,89.82033,90.38417,90.94185,91.49295,92.03884,92.56595,93.08742,93.60318,94.11337
bra,Brazil,93.47153,93.81434,94.14249,94.46353,94.77736,95.08414,95.38419,95.67763,95.96456,96.2448,96.5188,96.78797,97.05098,97.30767,97.55858,97.80356,97.95584,98.45096,98.67949,98.93554,99.32086,99.5894,99.59377
brb,Barbados,98.32442,98.33442,98.34443,98.35443,98.36443,98.37443,98.38443,98.39443,98.40443,98.41444,98.42444,98.43444,98.44444,98.45444,98.46444,98.47444,98.48445,98.49445,98.50445,98.51445,98.51445,98.51445,98.51445
brn,Brunei,99.90002,99.90002,99.90002,99.90002,99.90002,99.90002,99.90002,99.90002,99.90002,99.90003,99.90003,99.90003,99.90003,99.90003,99.90004,99.90004,99.90004,99.90004,99.90004,99.90005,99.90005,99.90005,99.90005
btn,Bhutan,82.3616,83.46729,84.61996,85.75393,86.86839,87.95676,88.97896,89.98677,90.97983,91.95755,92.91983,93.86634,94.79608,95.70915,96.60578,97.48622,98.18624,98.65984,98.765,98.87231,98.98172,99.12699,99.13145
bwa,Botswana,75.16964,75.52011,75.73261,75.9236,76.11291,76.29933,77.40737,78.89837,80.34214,81.73516,83.07977,84.37523,85.46791,86.5076,87.52248,88.5125,89.4779,90.41851,91.33267,92.2214,92.33858,92.44852,92.56756
caf,Central African Republic,59.01049,57.82858,56.65333,55.48438,54.3217,53.17256,52.03639,50.91299,49.80147,48.70128,47.61218,46.53332,45.46443,44.40493,43.354,42.31135,41.27665,40.24882,39.22755,38.21227,37.2024,36.19738,36.29504
can,Canada,99.22699,99.23151,99.23257,99.23365,99.23471,99.23464,99.23462,99.2355,99.23608,99.23636,99.23635,99.23589,99.23432,99.23269,99.23098,99.22922,99.2274,99.22554,99.22363,99.22165,99.22181,99.22199,99.22218
che,Switzerland,100,100,100,100,100,100,100,100,100,100,100,100,100,100,100,100,100,100,100,100,100,100,100
chl,Chile,95.74912,96.06289,96.35846,96.61069,96.86142,97.11012,97.35732,97.60272,97.84659,98.08867,98.32901,98.56782,98.80491,99.04039,99.27425,99.50649,99.73719,99.96545,100,100,100,100,100
chn,China,78.89696,79.25339,80.44005,81.59693,82.72291,83.8158,84.86563,85.87742,86.85683,87.80207,88.71397,89.58121,90.4109,91.20791,91.97312,92.70634,93.40788,94.07733,94.7135,95.31737,95.89031,96.69445,97.64693
civ,Cote d'Ivoire,70.63287,70.75423,70.87355,70.99047,71.10532,71.21706,71.32638,71.43326,71.53771,71.63906,71.73796,71.83442,71.92809,72.019,72.10714,72.19524,72.2826,72.36947,72.45574,72.54106,72.62534,72.73827,72.85093
cmr,Cameroon,56.31021,57.06643,57.80702,58.53158,59.24065,59.93299,60.60962,61.27062,61.91609,62.54573,63.16005,63.75878,64.34202,64.90955,65.46151,65.99805,66.51932,67.02481,67.51536,67.99048,68.4507,68.89556,69.59255
cod,"Congo, Dem. Rep.",37.55993,37.53028,37.49159,37.44383,37.38696,37.32293,37.25265,37.17606,37.09206,37.00158,36.90354,36.79884,36.68643,36.56622,36.43863,36.3031,36.15953,36.0074,35.84709,35.67806,35.50024,35.3131,35.11657
cog,"Congo, Rep.",57.15587,57.46333,57.95336,58.44133,59.50972,60.57694,61.64257,62.70681,63.77039,64.83276,65.89391,66.95218,68.00757,69.05954,70.10704,71.14958,72.18666,73.21776,73.40682,73.59587,73.78451,73.97233,
col,Colombia,91.96005,92.26912,92.573,92.87174,93.16519,93.45343,93.73652,94.01434,94.28719,94.55513,94.81805,95.07605,95.32938,95.57798,95.8219,96.06141,96.29659,96.52736,96.7395,96.89252,97.04102,97.39382,97.53776
com,Comoros,90.94793,90.84136,90.00564,89.1716,88.33926,87.50908,86.68151,85.857,85.03592,84.21875,83.40598,82.59788,81.79491,80.99757,80.20603,80.132,80.14885,80.16752,80.18799,80.2105,,,
cpv,Cape Verde,79.12983,79.38143,79.62918,79.87256,80.32343,80.77593,81.23053,81.68671,82.14496,82.60419,83.06288,83.46776,83.87384,84.28092,84.689,85.36799,86.24227,87.1068,87.96185,88.59087,89.17757,89.82515,89.87072
cri,Costa Rica,94.46449,94.90686,95.33071,95.73621,96.12338,96.49218,96.84328,97.17688,97.49347,97.79303,98.05413,98.29832,98.56015,98.80678,99.03925,99.2586,99.46581,99.66177,99.78442,99.79753,99.81054,99.81187,99.81313
cub,Cuba,91.7216,91.88144,92.03835,92.1811,92.31082,92.44151,92.57125,92.70004,92.82785,92.95457,93.08033,93.20513,93.32897,93.44703,93.56357,93.68002,93.79619,93.91318,94.03072,94.14848,94.26628,94.5576,94.6527
cyp,Cyprus,99.88939,99.88932,99.88936,99.88154,99.87374,99.86594,99.85816,99.85039,99.84263,99.83489,99.82715,99.81942,99.81172,99.80399,99.79626,99.78852,99.78076,99.77299,99.76518,99.76519,99.76517,99.76513,99.76506
cze,Czech Republic,99.80612,99.80583,99.81139,99.81698,99.82258,99.8282,99.83384,99.8395,99.84518,99.85088,99.8566,99.86234,99.86818,99.87411,99.88001,99.8801,99.88017,99.88026,99.88036,99.88047,99.88059,99.88072,99.88086
deu,Germany,100,100,100,100,100,100,100,100,100,100,100,100,100,100,100,100,100,100,100,100,100,100,100
dji,Djibouti,75.44817,75.46309,75.47847,75.49429,75.51055,75.52696,75.54412,75.56172,75.57977,75.59794,75.61981,75.6455,75.67483,75.70828,75.7453,75.78705,75.83263,75.88252,75.93685,75.99575,76.04992,76.10705,76.16712
dma,Dominica,93.83142,93.95367,94.07592,94.19817,94.32042,94.44266,94.56491,94.68716,94.80941,94.93166,95.05391,95.17616,95.29841,95.42066,95.42066,95.42066,95.42066,95.42066,,,,,
dnk,Denmark,100,100,100,100,100,100,100,100,100,100,100,100,100,100,100,100,100,100,100,100,100,100,100
dom,Dominican Republic,90.79247,91.11783,91.43565,91.80779,92.19216,92.5605,92.9137,93.25169,93.57483,93.88254,94.17607,94.44443,94.69331,94.931,95.15801,95.37475,95.58145,95.77819,95.9642,96.14011,96.30658,96.70461,96.75452
dza,Algeria,89.84883,90.11345,90.3738,90.62972,90.88125,91.12825,91.37096,91.60923,91.84331,92.07203,92.29597,92.51499,92.74518,92.97088,93.19235,93.40956,93.62278,93.83197,94.03741,94.23914,94.43733,94.6321,94.6614
ecu,Ecuador,82.30737,83.03978,83.78533,84.50497,85.22428,85.94305,86.66128,87.37936,88.0969,88.81389,89.53052,90.2407,90.94651,91.65233,92.35797,93.06378,93.76941,94.31314,94.66227,95.01122,95.35976,95.678,95.70334
egy,Egypt,98.24287,98.27364,98.30435,98.33502,98.36564,98.39622,98.42674,98.45656,98.48599,98.51547,98.54496,98.5745,98.60362,98.63281,98.66208,98.69141,98.72082,98.75057,98.75587,98.76142,98.76719,98.76791,98.76886
eri,Eritrea,46.81421,47.12043,47.44092,47.77522,48.12342,48.48441,48.85949,49.24695,49.6487,49.81032,49.97738,50.15053,50.32917,50.70513,51.08356,51.46509,51.84972,,,,,,
esp,Spain,100,100,100,100,100,100,100,100,100,100,100,100,99.98617,99.95664,99.92694,99.92673,99.9265,99.92628,99.92606,99.92584,99.92561,99.92538,99.92516
est,Estonia,97.36216,97.52317,97.68529,97.84845,98.01272,98.17809,98.34454,98.5121,98.68077,98.85056,99.02144,99.19345,99.36816,99.54379,99.71813,99.89119,99.91524,99.93915,99.96316,99.98729,100,100,100
eth,Ethiopia,18.6823,20.23204,21.77133,23.29816,24.81318,26.31637,27.80829,29.29771,30.87521,32.43838,33.98875,35.52505,37.0482,38.54823,40.03466,41.50686,42.96516,44.4085,45.83816,47.25398,48.65535,50.04256,51.51296
fin,Finland,100,100,100,100,100,100,100,100,100,100,100,100,100,100,100,100,100,100,100,100,100,100,100
fji,Fiji,94.81718,94.84408,94.87097,94.8927,94.91479,94.93704,94.95965,94.98255,95.01254,95.04454,95.07698,95.10974,95.14295,95.17632,95.21007,95.2442,95.27864,95.3133,95.34827,95.38331,95.41836,95.45346,95.48863
fra,France,100,100,100,100,100,100,100,100,100,100,100,100,100,100,100,100,100,100,100,100,100,100,100
fsm,"Micronesia, Fed. Sts.",91.08965,91.02869,90.96773,90.90677,90.84581,90.78485,90.72389,90.66293,90.60197,90.54101,90.48005,90.41909,90.35813,90.29717,90.23621,90.17525,90.11429,90.11429,90.11429,90.11429,90.11429,,
gab,Gabon,80.40336,80.81046,81.19348,81.5527,81.88881,82.20206,82.4941,82.76514,83.01672,83.24814,83.46135,83.6565,83.835,83.99615,84.13764,84.53874,84.9228,85.29116,85.64474,85.98402,86.31061,86.62493,86.92777
gbr,UK,100,100,100,100,100,100,100,100,100,100,100,100,100,100,100,100,100,100,100,100,100,100,100
geo,Georgia,94.56058,94.66595,94.79654,94.95608,95.11408,95.27055,95.42559,95.57919,95.73127,95.59654,95.16723,94.74182,94.32045,93.90296,93.48961,93.48324,93.72272,93.96129,94.19911,94.43603,94.6721,94.82522,94.97754
gha,Ghana,65.21851,66.07747,67.13209,68.1879,69.24528,70.3033,71.36282,72.42368,73.48598,74.54908,75.61406,76.68027,77.74759,78.81561,79.88443,80.95415,82.02488,83.09647,84.169,85.24234,86.31681,87.39227,88.36761
gin,Guinea,50.02019,50.72769,51.43399,52.13943,52.84365,53.54664,54.24873,54.94956,55.64913,56.34743,57.04478,58.18184,59.32821,60.48388,61.64879,62.82726,64.01924,65.22465,66.44346,67.67525,68.92063,70.1792,71.45121
gmb,Gambia,72.10759,72.7781,73.44622,74.105,74.73546,75.36385,75.99015,76.61434,77.23659,77.85617,78.4736,79.08853,79.70128,80.31102,80.91759,81.52086,82.12055,82.71685,83.30966,83.89902,84.48498,85.06744,85.64661
gnb,Guinea-Bissau,55.29963,55.75649,56.19873,56.6256,57.03742,57.4335,57.81476,58.18054,58.53111,58.86584,59.18586,59.49053,59.78007,60.05416,60.313,60.55654,60.78445,60.9967,61.19347,61.37447,61.53966,61.68898,61.77613
gnq,Equatorial Guinea,51.09814,51.79044,52.542,53.35042,54.21503,55.13172,56.10058,57.11857,58.1838,59.29179,60.44136,61.62961,62.85389,63.67151,63.92647,64.1786,64.42552,64.66582,,,,,
grc,Greece,99.68616,99.71014,99.73542,99.76014,99.78434,99.808,99.83113,99.85375,99.87586,99.89746,99.91857,99.9392,99.95935,99.97902,99.99823,100,100,100,100,100,100,100,100
grd,Grenada,93.30764,93.53995,93.77227,94.00458,94.2369,94.46921,94.70153,94.93384,95.16616,95.39847,95.63079,95.8631,95.97139,95.62865,95.62865,95.62865,95.62865,95.62865,,,,,
gtm,Guatemala,86.50062,86.89612,87.28851,87.67411,88.05452,88.43187,88.80632,89.17802,89.54695,89.91275,90.27592,90.6361,90.99354,91.34941,91.70357,92.05609,92.40653,92.75494,93.13264,93.50771,93.88009,94.24962,94.61611
guy,Guyana,88.53829,88.87096,89.20419,89.52902,89.85303,90.17872,90.50613,90.83521,91.16594,91.49836,91.83242,92.16812,92.51515,92.86215,93.20959,93.55731,93.9052,94.25313,94.60087,94.94836,95.27689,95.56887,95.85974
hnd,Honduras,85.35103,85.91441,86.49803,87.03056,87.5566,88.07531,88.58737,89.09246,89.59075,90.0818,90.56609,91.0432,91.51358,91.97672,92.43306,92.88201,93.32389,93.75867,94.18629,94.60685,95.02045,95.42707,95.80409
hrv,Croatia,98.64941,98.65562,98.66049,98.66539,98.67026,98.67513,98.68001,98.68488,,,,,,,,,,,,,,,
hti,Haiti,56.23929,57.06077,57.89031,58.72479,59.25749,59.75303,60.24738,60.73926,61.22999,61.71658,62.20079,62.6818,63.15966,63.63269,64.10224,64.56749,65.02302,65.46683,65.89945,66.32099,66.69531,67.06128,67.41888
hun,Hungary,99.96458,99.96467,99.96508,99.9655,99.9659,99.96637,99.9669,99.96743,99.96796,99.96847,99.96893,99.96938,99.9697,99.96997,99.97025,99.97053,99.97081,99.97109,100,100,100,100,100
idn,Indonesia,75.28482,76.25932,77.22445,78.17993,79.12611,80.06187,80.97676,81.88158,82.77673,83.66144,84.53261,85.37713,86.21292,87.03969,87.85794,88.66725,89.46767,90.25872,91.0408,91.81374,92.5874,93.35177,94.10719
ind,India,79.87927,80.48911,81.13056,81.76899,82.40451,83.03678,83.66592,84.29201,84.915,85.53459,86.15087,86.76391,87.37451,87.98237,88.58737,89.18931,89.78796,90.38318,90.97468,91.56222,92.1456,92.72465,93.2991
irl,Ireland,97.21169,97.14734,97.08263,97.01741,96.95181,96.88584,96.8196,96.75351,96.68714,96.62051,96.5536,96.48642,96.41896,96.35124,96.28324,96.21498,96.14644,96.07744,96.00794,96.0041,96.00006,95.99583,95.99141
irn,Iran,94.1534,94.3646,94.57094,94.77248,94.96918,95.161,95.34802,95.52609,95.69785,95.86551,96.02922,96.18896,96.34392,96.49454,96.64163,96.78511,96.92508,97.06151,97.19434,97.32361,97.44948,97.57192,97.69119
irq,Iraq,80.84652,81.73641,82.62604,83.5154,84.40449,85.29329,86.18151,87.06975,87.95767,88.84505,89.74768,90.65622,91.56041,92.46028,93.35602,94.24759,95.13617,96.02131,96.9024,97.77879,98.35991,98.37115,98.38285
isl,Iceland,100,100,100,100,100,100,100,100,100,100,100,100,100,100,100,100,100,100,100,100,100,100,100
isr,Israel,100,100,100,100,100,100,100,100,100,100,100,100,100,100,100,100,100,100,100,100,100,100,100
ita,Italy,99.55706,99.58277,99.60848,99.6342,99.65991,99.68562,99.71133,99.73705,99.76276,99.78847,99.81418,99.8399,99.86561,99.89132,99.91703,99.91703,99.91703,99.91703,99.91703,99.91703,99.91703,99.91703,99.91703
jam,Jamaica,93.14004,93.29478,93.44469,93.59265,93.40535,93.06985,92.70616,92.34106,91.97481,91.60719,91.23834,90.86839,90.4989,90.13009,90.27309,90.4168,90.56121,90.70613,90.85157,90.99735,91.02995,91.06404,91.09963
jor,Jordan,98.56182,98.56779,98.57376,98.5797,98.58567,98.6182,98.65789,98.6954,98.73081,98.76406,98.79536,98.82473,98.85231,98.87807,98.90221,98.91248,98.92255,98.93239,98.94199,98.95137,98.96051,98.96503,98.96939
jpn,Japan,98.50413,98.50413,98.50413,98.50413,98.50413,98.54134,98.57855,98.61577,98.65298,98.69019,98.7274,98.76462,98.80183,98.83904,98.87625,98.91347,98.95068,98.98789,99.0251,99.06232,99.09953,99.13674,99.13674
kaz,Kazakhstan,90.14569,90.55147,90.9003,91.24823,91.59525,91.94137,92.28657,92.63086,92.97423,93.31671,93.65815,93.99879,94.33851,94.6322,94.8292,95.02534,95.22051,95.41466,95.42024,95.42703,95.43497,95.44406,
ken,Kenya,47.52154,48.2519,48.97944,49.70406,50.42562,51.14309,51.8573,52.56813,53.27547,53.97832,54.67747,55.37487,56.06989,56.7631,57.45347,58.14116,58.82594,59.50757,60.18618,60.86078,61.53187,62.19884,62.86178
kgz,Kyrgyz Republic,80.17835,80.1779,80.82581,81.47351,82.12145,82.6626,83.20168,83.7383,84.27266,84.80493,85.339,85.87472,86.41197,86.95009,87.48895,88.02825,88.55762,88.993,89.42694,89.85881,90.71465,90.75356,90.79581
khm,Cambodia,51.89988,53.60843,55.31485,57.01914,58.53309,59.80226,61.04359,62.25746,63.4541,64.67667,65.87016,67.03474,68.17061,69.2777,70.35671,71.4076,72.43058,73.42565,74.39437,75.33672,76.25311,77.06604,78.0065
kir,Kiribati,60.89323,61.67219,62.31156,62.95131,63.59115,64.23079,65.00649,65.89077,66.74667,67.52887,68.18723,68.83946,69.48539,70.12366,70.755,71.37893,71.99093,72.58976,73.17592,73.74937,74.30948,74.85649,75.69411
kna,St. Kitts and Nevis,98.44989,98.46235,98.47481,98.48727,98.49973,98.51219,98.52464,98.5371,98.54956,98.56202,98.57448,98.58694,98.5994,98.61185,98.61185,98.61185,98.61185,98.61185,,,,,
kor,South Korea,,,98.70117,98.70117,98.70117,98.70117,98.70117,98.78306,98.86496,98.94685,99.02875,99.11064,99.19254,99.27443,99.35633,99.43822,99.52011,99.60201,99.6839,99.7658,99.84769,99.92959,100
kwt,Kuwait,100,100,100,100,100,100,100,100,100,100,100,100,100,100,100,100,100,100,100,100,100,100,100
lao,Lao,46.14385,48.52493,50.88386,53.21832,55.52861,57.74584,59.8096,61.85269,63.87598,65.87824,67.86005,69.8214,71.76252,73.6824,75.58182,77.46057,79.59784,81.452,83.28588,85.09983,85.21974,85.3404,85.4618
lbn,Lebanon,84.40597,84.84643,85.28689,85.72735,86.16781,86.60827,87.04873,87.48919,87.92966,88.37012,88.81058,89.25104,89.6915,90.13196,90.57242,91.01288,91.45335,91.89381,92.33427,92.6,92.6,92.6,92.6
lbr,Liberia,62.11412,62.99085,63.86448,64.7344,65.6009,66.4637,67.06657,67.65959,68.24257,68.81828,69.38666,69.94787,70.50137,71.04756,71.58593,72.11667,72.63971,73.15462,73.66178,74.16096,74.65215,75.13534,75.61013
lby,Libya,84.23207,85.10204,85.97201,86.84198,87.71195,88.58192,89.45189,90.32186,91.19183,92.0618,92.93177,93.80174,94.67171,95.54168,96.41165,97.28162,98.15158,99.02155,99.89152,99.89152,99.89152,99.89152,99.89152
lca,St. Lucia,90.37987,90.3628,90.29791,90.65217,91.01527,91.38715,91.7673,92.1555,92.55133,92.95462,93.36868,93.80838,94.24808,94.68801,95.12804,95.56809,96.00804,96.44778,96.8872,96.88751,96.88784,96.88823,96.88866
lie,Liechtenstein,100,100,100,100,100,100,100,100,100,100,100,100,100,100,100,100,100,100,100,100,100,100,100
lka,Sri Lanka,82.84719,83.13201,83.42087,83.70987,83.99888,84.28778,84.57683,84.86577,85.15485,85.44394,85.73292,86.02204,86.31118,86.6024,86.89574,87.19113,87.48839,87.78755,88.08866,88.39141,88.69595,89.00221,89.31011
lso,Lesotho,65.63661,65.99236,66.35421,66.72213,67.09669,67.47722,67.8645,68.23732,68.61575,68.99924,69.38859,69.78368,70.15478,70.52984,70.90917,71.2931,71.6812,72.07381,72.47257,72.87738,73.28892,73.62876,73.97071
ltu,Lithuania,89.66957,90.11673,90.5603,91.00541,91.45203,91.91387,92.38925,92.86344,93.33645,93.79765,94.24874,94.7096,95.18639,95.66101,96.1336,96.60414,97.07374,97.54207,97.99053,98.00147,98.01335,98.02597,98.0394
lux,Luxembourg,100,100,100,100,100,100,100,100,100,100,100,100,99.9872,99.96525,99.9446,99.92517,99.90687,99.88961,99.8733,99.8767,99.87994,99.88301,99.88595
lva,Latvia,97.80272,97.79932,97.84864,97.89956,97.95436,98.00888,98.06018,98.11085,98.16173,98.21362,98.26636,98.31903,98.37163,98.42415,98.47659,98.52896,98.58136,98.63375,98.68607,98.73825,98.79026,98.84204,98.89353
mar,Morocco,64.7959,65.62688,66.58858,67.54955,68.51022,69.58072,70.66761,71.74674,72.81733,73.87871,74.93213,75.9759,77.01032,78.03476,79.04948,80.05387,81.04817,82.03181,84.03338,84.98185,85.91876,86.84331,87.01946
mco,Monaco,100,100,100,100,100,100,100,100,100,100,100,100,100,100,100,100,100,100,100,100,100,100,100
mda,Moldova,82.91918,83.25386,83.59316,83.93708,84.28582,84.6745,85.10005,85.52611,85.95269,86.37978,86.8074,87.23553,87.66418,88.09335,88.52305,88.95145,89.38346,89.81839,90.25598,90.69569,91.13725,91.58024,92.02427
mdg,Madagascar,36.94812,37.58069,38.21268,38.8436,39.4739,40.2553,41.03784,41.82099,42.60557,43.38922,44.17278,44.95571,45.73794,46.51894,47.2991,48.07745,48.85435,49.62931,50.40224,51.17221,51.94002,52.70431,53.46588
mdv,Maldives,93.81618,94.19997,94.57653,94.9454,95.3063,95.65872,95.99456,96.30399,96.62839,96.94978,97.26818,97.58355,97.89587,98.2051,98.51124,98.81424,99.11409,99.41078,99.49723,99.52721,99.54445,99.56211,99.55835
mex,Mexico,90.60438,91.17409,91.73916,92.29961,92.85558,93.40675,93.9533,94.49512,95.01559,95.4075,95.79532,96.17946,96.55967,96.93611,97.30882,97.67765,98.04275,98.40402,98.76155,99.11535,99.3687,99.54,99.70643
mhl,Marshall Islands,,88.84645,88.80341,88.76078,88.71857,88.67685,88.55952,88.44165,88.32308,88.15836,87.89319,87.63267,87.37708,87.12642,86.88042,86.63897,86.40191,86.16913,85.94039,85.71566,85.49472,85.27744,85.06374
mkd,North Macedonia,96.88549,96.88944,96.89339,96.89734,96.90132,96.95946,97.01655,97.07273,97.12814,97.18289,97.23715,97.29103,97.3447,97.39827,97.45189,97.50571,97.55985,97.61446,97.66967,97.72562,97.78244,97.84027,97.84256
mli,Mali,49.87319,51.39388,52.9859,54.57614,56.16489,57.74996,59.33268,60.91126,62.48626,64.05566,65.61789,67.17239,68.71864,70.25615,71.78475,73.30373,74.81295,76.3123,77.80117,79.27972,80.74719,82.20399,83.64946
mlt,Malta,100,100,100,100,100,100,100,100,100,100,100,100,100,100,100,100,100,100,100,100,100,100,100
mmr,Myanmar,47.72685,49.18904,50.67132,52.17387,53.69658,55.23932,56.80171,58.3839,59.98577,61.60695,63.24782,64.90776,66.58689,68.28485,70.00199,71.741,73.50167,75.28354,77.08634,78.90934,80.72876,82.33106,82.38444
mne,Montenegro,,,,,,,95.18597,95.43022,95.67469,95.9193,96.16409,96.4091,96.65431,96.89975,97.14541,97.3913,97.63739,97.88369,98.5063,98.6814,98.85691,98.86039,98.86387
mng,Mongolia,62.49536,63.8931,65.26319,66.60525,67.91897,69.20186,70.45649,71.68211,72.87908,74.04479,75.18271,76.01982,76.69714,77.37377,78.04927,78.72452,79.39908,80.07253,80.75156,81.43561,82.12412,82.81581,83.51123
moz,Mozambique,22.71351,23.76609,25.28195,26.83067,28.41255,30.02686,31.67444,33.35351,35.20692,37.10244,39.02835,40.983,42.96574,44.97593,47.01288,49.07594,51.16441,53.27718,55.41399,57.57537,59.76011,61.48093,63.19537
mrt,Mauritania,41.67271,42.48995,44.03619,45.60095,47.18388,48.78334,50.39938,52.03159,53.68002,55.34177,57.01812,58.70825,60.41135,62.1258,63.84797,65.5767,67.31084,69.05089,70.79535,72.54431,74.29672,76.05271,77.81126
mus,Mauritius,99.31634,99.34957,99.38288,99.41628,99.44976,99.48333,99.51698,99.55072,99.58454,99.61844,99.65243,99.6865,99.72066,99.7549,99.78923,99.82363,99.85816,99.89278,99.92746,99.9622,99.9958,100,100
mwi,Malawi,53.85515,54.69444,55.5307,56.36428,57.19482,58.02267,58.84746,59.66952,60.48852,61.30794,62.12746,62.94703,63.76602,64.58462,65.40196,66.21843,67.03293,67.84582,68.65666,69.46488,70.27047,71.07283,71.87191
mys,Malaysia,96.87856,96.93866,96.94078,96.94479,96.95064,96.958,96.96704,96.97763,96.98974,97.00308,97.01775,97.02389,97.02949,97.03602,97.04369,97.05221,97.0617,97.07118,97.08077,97.09037,97.09991,97.10942,97.15646
nam,Namibia,75.96281,76.36898,76.87821,77.40195,77.9204,78.43187,78.9371,79.43533,79.92672,80.40943,80.88502,81.35199,81.81798,82.27516,82.72342,83.16192,83.58641,83.99612,84.39131,84.83948,85.27519,85.69866,85.91211
ner,Niger,37.48629,38.23239,38.90706,39.56158,40.1953,40.80763,41.39977,41.97112,42.52108,43.05083,43.55975,44.04733,44.51464,44.96113,45.39465,45.81593,46.22362,46.61848,46.99924,47.36668,47.72058,48.06025,48.89607
nga,Nigeria,44.44228,45.72861,47.28831,48.85676,50.43349,52.01767,53.60953,55.20897,56.81585,58.4287,60.04845,61.67096,63.29622,64.92357,66.55301,68.18454,69.81723,71.45174,73.08746,74.72413,76.36179,78.00019,79.63941
nic,Nicaragua,80.64617,80.67125,80.69756,80.7254,80.75478,80.78702,80.83575,80.88607,80.93867,80.99285,81.04895,81.10697,81.1669,81.22875,81.29214,81.35313,81.41597,81.43568,81.52109,81.61224,81.70875,,
nld,Netherlands,100,100,100,100,100,100,100,100,100,100,100,100,100,100,100,100,100,100,100,100,100,100,100
nor,Norway,100,100,100,100,100,100,100,100,100,100,100,100,100,100,100,100,100,100,100,100,100,100,100
npl,Nepal,79.66979,80.32528,80.93642,81.54127,82.13971,82.73167,83.31704,83.89582,84.46783,85.03295,85.59111,86.14227,86.68653,87.22356,87.75333,88.27558,88.79021,89.29699,89.79578,90.28637,90.76858,91.24225,91.2351
nru,Nauru,98.08179,98.0099,97.938,97.86611,97.79421,97.72231,97.65042,97.57852,97.50663,97.43473,97.36284,97.29094,97.21904,97.14715,97.07525,97.00336,97.00336,97.00336,97.00336,97.00336,,,
nzl,New Zealand,100,100,100,100,100,100,100,100,100,100,100,100,100,100,100,100,100,100,100,100,100,100,100
omn,Oman,85.63808,85.63377,85.62946,85.62515,85.69365,86.06027,86.42352,86.7832,87.13936,87.49162,87.84045,88.28549,88.79879,89.29448,89.77447,90.23849,90.68742,91.11489,91.5231,91.88826,92.16803,92.30972,92.43997
pak,Pakistan,87.36402,87.60278,87.83854,88.07328,88.30714,87.99058,88.14406,88.31189,88.47793,88.64219,88.80475,88.9656,89.12473,89.28197,89.43748,89.59125,89.74325,89.89341,90.0426,90.19065,90.33734,90.48246,90.62575
pan,Panama,89.5553,89.91733,90.27672,90.61265,90.82701,91.03068,91.23114,91.42826,91.62242,91.81346,92.00124,92.18743,92.3718,92.55433,92.73511,92.9138,93.24264,93.57005,93.89584,94.1825,94.39579,94.60611,94.65157
per,Peru,80.14889,80.93497,81.71008,82.47468,83.22853,83.97138,84.70408,85.42608,86.09833,86.74732,87.3922,88.03241,88.66852,89.30003,89.92726,90.55042,91.16911,91.78357,92.39508,93.00324,93.60797,94.2089,94.80581
phl,Philippines,85.97865,86.34583,86.73533,87.12552,87.51639,87.90796,88.30021,88.69315,89.08678,89.4812,89.88079,90.30275,90.72337,91.14274,91.56068,91.97735,92.39268,92.80786,93.22284,93.63736,94.05123,94.46428,94.87631
plw,Palau,99.35648,99.36259,99.36886,99.37528,99.39055,99.40519,99.41923,99.43267,99.44555,99.45784,99.46957,99.48075,99.49141,99.50153,99.51115,99.52026,99.52884,99.5369,99.54447,99.55159,99.55827,99.56455,99.57045
png,Papua New Guinea,31.75456,31.74152,31.73085,31.72019,31.70893,32.73958,33.77066,34.80218,35.83414,36.85912,37.88026,38.89704,39.9105,40.92717,41.9467,42.96877,43.99303,45.01918,46.04734,47.07673,48.10702,49.16923,50.23518
pol,Poland,,,,,,99.15924,99.15742,99.15559,99.15374,99.1519,98.42694,97.69975,96.96968,96.23715,95.50208,94.76457,94.02673,93.28949,92.55355,91.81969,91.08881,90.36157,90.36958
prk,North Korea,99.30294,99.30254,99.30215,99.30176,99.2395,98.86547,98.49234,98.1201,97.74875,97.38018,97.01419,96.65021,96.28833,95.92847,95.57068,95.21488,94.8621,94.51245,94.16623,93.82369,93.84385,93.86514,93.8875
prt,Portugal,99.22967,99.21639,99.20468,99.19442,99.18561,99.17825,99.17232,99.16782,99.16474,99.16306,99.16277,99.16387,99.16633,99.17012,99.17522,99.18161,99.18926,99.19817,99.20828,99.21959,99.23207,99.24568,99.26041
pry,Paraguay,76.23622,77.78792,79.29886,80.69661,82.05784,83.40381,84.7343,86.0494,87.34941,88.63415,89.90372,91.1582,92.39782,93.6188,94.82516,96.01861,97.1993,98.36717,99.52249,99.59111,99.59347,99.5959,99.59839
pse,Palestine,90.64786,91.05158,91.45449,91.85652,92.25775,92.65811,93.05765,93.45641,93.85432,94.25166,94.6484,95.04451,95.43994,95.75916,96.07088,96.37986,96.686,96.98922,97.28943,97.58651,97.8804,98.171,98.44464
qat,Qatar,99.90292,99.90292,99.90292,99.90292,99.90292,99.90292,99.90292,99.90292,99.90292,99.90907,99.91522,99.92136,99.92751,99.93366,99.9398,99.94595,99.95209,99.95824,99.96439,99.97053,99.97668,99.98283,99.98897
rou,Romania,100,100,100,100,100,100,100,100,100,100,100,100,100,100,100,100,100,100,100,100,100,100,100
rus,Russia,95.34697,95.34648,95.42082,95.49952,95.57958,95.65943,95.73908,95.81851,95.89774,95.97666,96.05548,96.13409,96.21385,96.29457,96.37634,96.45889,96.5422,96.62618,96.71065,96.79553,96.88072,96.96613,97.0516
rwa,Rwanda,44.48774,45.59731,46.72692,47.61842,48.4807,49.35047,50.22804,51.1128,52.00504,52.90508,53.81231,54.72703,55.64954,56.57923,57.52105,58.47522,59.44112,60.41926,61.40958,62.41174,63.42594,64.45211,65.10088
sau,Saudi Arabia,,,,,,,,,,,,,,,,98.67444,98.67092,98.6674,98.66386,98.66034,98.6568,98.65328,98.64976
sdn,Sudan,44.64744,44.66142,44.67541,44.68939,44.70338,45.81904,46.93402,48.04831,49.16192,50.2797,51.40148,52.52683,53.6551,54.7861,55.9192,57.05439,58.19102,59.32867,60.46708,61.60565,62.74411,63.88201,64.92008
sen,Senegal,59.75554,60.87561,61.99899,63.19138,64.43399,65.67368,66.91111,68.14567,69.3772,70.60515,71.83009,73.05145,74.26875,75.48214,76.69145,77.89879,79.10338,80.30527,81.5034,82.69753,83.8869,85.07123,86.24977
sgp,Singapore,100,100,100,100,100,100,100,100,100,100,100,100,100,100,100,100,100,100,100,100,100,100,100
slb,Solomon Islands,78.68496,78.73919,78.79454,78.851,78.90859,78.1098,77.15286,76.21346,75.29205,74.3885,73.50322,72.63483,71.78353,70.94907,70.13113,69.32992,68.5448,67.77596,67.00626,67.1538,67.30103,67.44761,
sle,Sierra Leone,41.08423,41.41036,42.51756,43.62496,44.73254,45.8701,47.02915,48.18665,49.34251,50.4963,51.64798,52.79783,53.94578,55.09111,56.23441,57.37532,58.51407,59.65265,60.79142,61.92981,63.06756,64.20442,65.34012
slv,El Salvador,78.63603,78.83572,80.02853,81.21579,82.39776,83.57281,84.74156,85.91682,87.16196,88.38433,89.58419,90.76149,91.91556,93.04596,94.15293,95.23622,96.20748,96.80501,97.38221,97.82035,98.03051,98.19447,98.59316
smr,San Marino,100,100,100,100,100,100,100,100,100,100,100,100,100,100,100,100,100,100,100,100,100,100,100
som,Somalia,23.66108,25.22862,26.7933,28.5589,30.31994,32.07422,33.82366,33.82597,35.98033,38.12852,40.27196,42.40725,43.99182,45.57015,47.14313,48.71115,50.2746,51.83293,53.38652,54.93441,56.47697,58.01373,58.2595
srb,Serbia,89.30679,89.30195,89.29706,89.29219,89.28717,89.65237,90.0189,90.38669,90.75584,91.1263,91.49812,91.87121,92.24825,92.62697,93.00635,93.38646,93.76723,94.14837,94.53003,94.91236,95.29553,95.67967,95.67814
ssd,South Sudan,,,,,,,,,,,,41.16322,41.2372,41.27469,41.27738,41.24751,41.18681,41.09733,40.98151,40.84166,40.95093,41.06566,41.18659
stp,Sao Tome and Principe,68.756,69.26978,69.8032,70.33289,70.8544,71.36689,71.87086,72.3663,72.85324,73.33124,73.80078,74.26167,74.71414,75.155,75.58499,76.00423,76.41305,76.81173,77.2006,77.33578,77.31736,77.28513,77.34112
sur,Suriname,89.06166,89.52978,89.99603,90.45994,90.92175,91.35679,91.7905,92.22517,92.66098,93.09809,93.53617,93.9754,94.41575,94.85725,95.3014,95.7477,96.19546,96.64411,97.09311,97.54177,97.98963,97.99113,97.99301
svk,Slovak Republic,97.98089,97.97942,97.97627,97.97312,97.96997,97.96682,97.96365,97.96048,97.95733,98.25165,98.62234,98.99754,99.37583,99.52017,99.78675,99.78719,99.78752,99.78773,99.78783,99.78782,99.7877,99.78746,99.78711
svn,Slovenia,99.5,99.5,99.5,99.5,99.5,99.5,99.5,99.5,99.5,99.5,99.5,99.5,99.5,99.5,99.5,99.5,99.5,99.5,99.5,99.5,99.5,99.5,99.5
swe,Sweden,99.48075,99.49321,99.50582,99.51837,99.53086,99.54327,99.55608,99.56919,99.58215,99.59493,99.60753,99.62057,99.63388,99.64682,99.65941,99.67167,99.68359,99.69519,99.70646,99.71741,99.72807,99.73845,99.73888
swz,Eswatini,53.41057,54.2575,55.09984,55.93755,56.76973,57.59761,58.42031,59.25677,60.20618,61.14761,62.0811,63.00709,63.89773,64.78116,65.65703,66.52577,67.38995,68.40201,69.41459,70.42753,71.44067,72.45384,73.4672
syc,Seychelles,93.90996,94.03541,94.16085,94.2863,94.41174,94.53718,94.66263,94.78807,94.91352,95.03896,95.1644,95.28985,95.41529,95.54074,95.66618,95.79162,95.91707,96.04251,96.16796,96.2934,96.41884,96.41884,96.41884
syr,Syria,91.59741,91.74065,91.88228,92.02213,92.16035,92.29666,92.43121,92.56414,92.69532,92.82469,92.95244,93.00038,93.05277,93.10985,93.17154,93.31814,93.46162,93.60192,93.73902,93.87294,94.00364,94.05369,94.07793
tcd,Chad,38.63259,39.21389,39.79751,40.38434,40.97391,41.56622,42.16124,42.75939,43.35981,43.96291,44.57603,45.19886,45.83146,46.4731,47.12342,47.78243,48.44975,49.12497,49.80801,50.49806,51.19538,51.8991,51.99515
tgo,Togo,45.4372,46.69804,47.95016,49.19293,50.42625,51.64951,52.86314,54.06704,55.26155,56.44477,57.61844,58.79072,59.95714,61.11167,62.25506,63.38719,64.5094,65.62109,66.72207,67.81213,68.89106,69.94698,70.99072
tha,Thailand,94.11536,94.48788,94.85497,95.21627,95.57161,95.92398,96.26284,96.5944,96.91852,97.23486,97.54343,97.83205,98.11335,98.39,98.66201,98.92936,99.19203,99.38771,99.53561,99.96483,100,100,100
tjk,Tajikistan,56.50623,57.77506,59.05006,60.33123,61.61817,62.91171,64.21142,65.5173,66.82935,68.14758,69.47197,70.80222,72.14546,73.49981,74.8649,76.23949,77.62286,79.01396,80.41159,81.81511,81.85242,81.89408,81.93991
tkm,Turkmenistan,87.1464,87.80858,88.46603,89.1186,89.76626,90.50343,91.23819,91.97019,92.6987,93.42359,94.14426,94.8603,95.57134,96.27698,96.97195,97.65894,98.33813,98.99758,99.34508,99.79292,100,100,100
tls,Timor-Leste,,,50.62385,52.14647,53.66761,55.17522,56.68125,58.18566,59.68904,61.70332,63.73992,65.79894,67.8794,69.98087,72.10317,74.24583,76.40837,78.59012,80.79101,82.38412,83.97422,85.56091,87.01864
ton,Tonga,98.14279,98.14274,98.14269,98.14264,98.14259,98.17976,98.21696,98.2542,98.29151,98.32888,98.36633,98.40385,98.44122,98.4784,98.51551,98.55254,98.58951,98.62641,98.66335,98.70035,98.73746,98.77469,98.81208
tto,Trinidad and Tobago,92.20424,92.56262,92.9208,93.27878,93.63657,93.99416,94.35155,94.70875,95.06575,95.42255,95.77916,96.13558,96.49179,97.37035,97.75326,98.13618,98.51909,98.87517,98.87517,98.87517,98.87517,98.87517,98.87517
tun,Tunisia,89.05572,89.39955,89.71309,90.02178,90.3216,90.59893,90.87282,91.14283,91.4092,91.67196,91.93091,92.04715,92.57936,93.10709,93.63085,94.15151,94.66854,95.18154,95.69023,96.19409,96.69266,96.93899,97.18173
tur,Turkey,93.56416,93.64894,93.8609,94.06872,94.27249,94.47209,94.66775,94.85943,95.04727,95.23118,95.41132,95.58772,95.76049,95.92934,96.09454,96.25616,96.41433,96.56909,96.72061,96.86896,97.01427,97.0203,97.02619
tuv,Tuvalu,98.80753,98.83259,98.85752,98.88038,98.90201,98.92336,98.94444,98.96525,98.98578,99.00607,99.0261,99.0459,99.06543,99.08476,99.10398,99.12313,99.14223,99.16128,99.18028,99.19927,99.21824,99.23719,99.25616
tza,Tanzania,28.66642,30.07318,31.47975,32.98328,34.48218,35.98113,37.47999,38.97763,40.47432,41.96754,43.45844,44.945,46.42738,47.90361,49.37184,50.83147,52.28117,53.7208,55.14943,56.56585,57.97027,59.36117,60.79116
uga,Uganda,26.41693,27.6913,28.99115,30.31589,31.66536,33.03703,34.43261,35.85003,37.28951,38.74943,40.22996,41.72989,43.24886,44.78488,46.33874,47.90881,49.49353,51.09212,52.70309,54.32669,55.9611,57.60557,59.25961
ukr,Ukraine,98.14353,98.19419,98.22672,98.2255,97.76143,97.29497,96.825,96.35198,95.87591,95.39684,94.91676,94.43525,93.95228,93.78815,93.32207,93.36159,93.40063,93.43929,93.47633,93.51158,93.54499,93.53464,93.5898
ury,Uruguay,96.97933,97.04558,97.1141,97.18097,97.24569,97.4573,97.66039,97.85507,98.04188,98.22094,98.39293,98.55795,98.70838,98.85258,98.99356,99.1314,99.26625,99.39807,99.4786,99.48724,99.49576,99.50424,99.50798
usa,USA,,,,,,98.89697,98.90381,98.91061,98.91737,98.92409,99.01065,99.09637,99.18111,99.26489,99.34764,99.42933,99.5099,99.58934,99.66759,99.74463,99.82042,99.89494,99.96411
uzb,Uzbekistan,87.3126,87.80345,88.29017,88.77254,89.25035,89.72355,90.19222,90.65618,91.11538,91.56967,92.01923,92.43568,92.82442,93.21602,93.61048,94.00782,94.40804,94.81116,95.21857,95.62744,95.95781,96.28974,96.62281
vct,St. Vincent and the Grenadines,95.44887,95.60567,95.7631,95.92119,96.07992,96.23933,96.39941,96.56015,96.7216,96.88374,97.04658,97.21013,97.3744,97.53938,97.70511,97.71086,97.71664,97.72245,97.72831,,,,
ven,Venezuela,97.2277,97.0506,96.87351,96.69641,96.51932,96.34222,96.16513,95.98803,95.81094,95.63384,95.45675,95.27965,95.10256,94.92546,94.74837,94.57128,94.39418,94.21709,94.03999,93.8629,93.6858,93.50871,93.33161
vnm,Vietnam,80.57967,81.43855,82.29115,83.13654,83.975,84.80584,85.62918,86.44479,87.25232,88.05181,88.84423,89.62774,90.40222,91.1671,91.92256,92.66831,93.40408,94.12941,95.16878,95.98905,96.66702,97.31751,97.95682
vut,Vanuatu,83.37709,83.42441,83.47207,83.5204,83.56907,83.9969,84.45657,84.91485,85.37189,85.82763,86.26307,86.68647,87.10965,87.53246,87.95491,88.37699,88.79882,89.22028,89.64255,90.06543,90.48903,90.91302,91.33752
wsm,Samoa,87.06283,87.05799,87.06474,87.07764,87.09044,87.3411,87.59025,87.83776,88.0837,88.32824,88.57139,88.81321,89.05407,90.11088,91.16885,92.228,93.28829,94.34969,95.41251,96.42283,97.39665,98.27202,99.03761
yem,Yemen,40.87907,41.10933,41.34313,42.5965,43.76982,44.92921,46.07583,47.20912,48.32899,49.43532,50.52801,51.6066,52.67101,53.72153,54.75738,55.77887,56.78562,57.7776,58.75449,59.71658,60.66357,61.59521,61.75824
zaf,South Africa,84.57746,85.101,85.6331,86.16215,86.68225,87.19258,87.69378,88.18591,88.66926,89.14286,89.60756,90.06317,90.50997,90.94738,91.37614,91.7961,92.20731,92.60968,93.00329,93.38824,93.76479,94.1327,94.49209
zmb,Zambia,47.00293,47.98584,49.10737,50.2202,51.3243,52.41913,53.50518,54.58193,55.65032,56.70844,57.75816,58.79852,59.83173,60.85808,61.87658,62.88796,63.89123,64.88671,65.87427,66.8534,67.824,68.03478,68.24781
zwe,Zimbabwe,71.86939,72.01605,71.70607,71.21102,70.68706,70.16311,69.63881,69.11455,68.58997,68.06548,67.54071,67.01607,66.49118,65.96647,65.45411,64.95493,64.46896,63.99663,63.53877,63.09495,62.66646,62.2528,62.29425
