geo,name,1980,1981,1982,1983,1984,1985,1986,1987,1988,1989,1990,1991,1992,1993,1994,1995,1996,1997,1998,1999,2000,2001,2002,2003,2004,2005,2006,2007,2008,2009,2010,2011,2012,2013,2014,2015,2016,2017,2018,2019,2020,2021,2022,2023
afg,Afghanistan,1003.27,909.34,716.29,598.3,571.02,589.96,583.17,579.32,561.89,775.64,625.31,850.53,717.55,802.2,1142.85,1296.49,1630.04,1296.68,1451.17,1375.47,1415.78,1408.44,1495.02,1633.63,1636.76,1562.3,1627.03,1580.87,1543.26,1486.33,1646.78,1552.82,1500.26,1563.81,1595.65,2235.42,2185.51,2286.15,2572.99,2004.37,2344.99,2543.4,2389.46,2269.72
ago,Angola,588.62,614.32,637.13,665.01,674.26,692.27,729.77,754.71,766.61,822.85,814.05,824.62,838.58,887.22,927.25,930.86,866.62,859.65,941.06,966.44,974.43,998.46,1023.15,1061.26,1118.84,1134.29,1151.49,1175.02,1185.44,1203.92,1222.76,1219.44,1238.31,1275.31,1286.19,1337.61,1359.45,1412.74,1456.79,1534.44,1656.57,1731.6,1701.3,1757.55
alb,Albania,206.84,206.68,213.92,213.32,216.57,218.9,219.04,221.37,229.79,230.96,259.25,292.24,315.85,335.82,353.55,372.32,395.8,439.06,453.14,409.49,354.37,306.07,270.44,242.23,213.12,187.01,167.4,151.53,140.86,131.27,128.8,127.75,126.35,123.99,123.81,118.14,116.39,114.49,112.98,109.45,103.24,103.02,95.22,83.34
and,Andorra,0.61,0.66,0.7,0.74,0.75,0.8,0.83,0.86,0.88,0.88,0.96,1.05,1.09,1.1,1.07,0.99,0.95,0.96,0.92,0.87,0.84,0.79,0.78,0.85,0.9,0.89,0.93,0.9,0.85,0.8,0.74,0.68,0.62,0.58,0.59,0.6,0.59,0.59,0.57,0.56,0.58,0.55,0.55,0.55
are,UAE,24.8,23.84,22.49,21.3,20.88,21.14,20.58,20.25,20,19.79,20.09,20.21,20.59,21.75,22.57,23.05,23.96,24.36,26.17,27.37,27.84,28.38,29.96,31.59,32.64,37.73,42.06,54.04,63.15,78.28,87.37,85.88,83.04,89.29,88.4,86.33,83.15,78.69,72.91,66.93,62.8,54.86,55.4,55.18
arg,Argentina,1222.1,1300.97,1433.73,1534.85,1648.78,1767.39,1939.99,2021.48,2090.09,2169.52,2069.64,2026.76,2093.55,2104.23,2199.85,2225.9,2394.88,2592.8,2599.95,2766.84,2945.27,3294.61,3429.49,3167.42,2734.88,2519.05,2479.5,2390.81,2461.1,2466.21,2470.77,2504.41,2723.77,2838.07,2910.46,2859.25,2765.87,2616.89,2512.17,2420.16,2345.41,2379.59,2656.42,2453.14
arm,Armenia,104.46,105.42,101.66,98.31,84.89,79.2,73.39,76.56,79.74,137.64,220.61,279.94,334.91,401.29,351.23,288.04,250.67,206.74,191.84,169.39,146.92,140.32,130.6,127.01,131.58,147.68,158.58,168.41,155.43,143.09,145.19,139.67,154.33,141.21,133.45,124.88,113.83,96.42,74.5,75.15,74.63,75.54,79.25,73.07
atg,Antigua and Barbuda,1.88,1.84,1.74,1.69,1.79,1.83,1.82,1.76,1.78,1.82,1.93,2.07,2.07,2.17,2.28,2.28,2.26,2.36,2.44,2.37,2.36,2.54,2.65,2.81,3.14,3.75,3.61,3.43,3.56,4.01,3.8,4.03,3.96,4.06,3.97,3.99,3.88,3.73,3.47,3.29,3.31,3.47,3.6,3.64
aus,Australia,297.29,298.77,305.96,309.05,322.82,335.28,333.97,344.55,355.05,351.69,378.88,365.02,343.23,339.47,340.28,333.49,336.52,333.31,330.06,323.32,326.37,320.75,305.97,270.02,222.55,240.57,291.31,301.08,322.55,338.96,320.43,304.59,306.45,294.48,295.03,294.97,272.45,249.33,270.02,285.47,272.74,252.73,259.6,248.08
aut,Austria,114.18,118.41,125.39,127.92,126.3,119.83,113.56,110.21,109.52,111.72,115.95,116.42,120.99,117.15,113.54,103.34,96.82,90.14,88.95,86.04,85.57,85.11,86.9,81.67,81.65,77.58,76.48,74.49,73.17,74.99,72.37,72.28,69.79,67.14,66.82,67.96,64.58,64.21,67.06,65.96,60.33,56.84,57.13,57.52
aze,Azerbaijan,365.08,359.35,339.58,347.71,354.93,364.89,392.49,432.92,508.93,626.02,791.35,1018.93,1337.06,1524.01,1617.28,1468.79,1235.99,1036.21,877.73,729.44,607.79,520.37,454.65,414.61,392.62,367.52,324.61,277.45,275.33,270.87,276.63,263.79,266.99,264.48,262.71,259.82,257.87,264.91,273.3,278.05,299.06,292.94,301.74,312.02
bdi,Burundi,89.86,93.87,98.81,101,100.72,104.78,106.64,107.55,107.15,107.93,109.86,109.87,111.05,489.01,106.74,105.75,116.34,122.85,114.43,114.44,119.13,119.14,125.91,142.82,156.78,140.47,142.75,160.78,148.91,154.95,164.94,169.86,171.85,174.15,178.74,183.1,184.78,185.95,251.27,225.27,215.77,225.29,233.46,247.9
bel,Belgium,199.72,200.76,208.05,215.53,214.18,214.61,216.86,203.49,200.13,202.21,205.95,206.76,218.19,222.06,220.22,212.64,206.33,202.03,208.5,215.83,197.41,195.71,195.85,179.65,178.78,170.01,163.53,163.18,156.08,157.08,152.38,161.3,154.96,144.96,144.36,139.29,137.43,136.45,135.33,129.77,123.83,125.26,125.16,121.49
ben,Benin,244.28,252.09,261.36,274.59,285.8,297.56,309.18,326.58,337.29,349.13,368.26,381.94,395.81,412.47,427.74,444.37,459.24,475.32,494.93,499.2,518.75,526.87,535.72,544.79,555,567.87,584.46,604.76,634.39,677.41,716.05,743.7,772.39,814.13,838.83,861.24,892.99,909,937.63,967.48,1017.24,1073.54,1054.92,1066.35
bfa,Burkina Faso,1186.8,1184.78,1191.8,1222.54,1245.54,1262.59,1265.15,1292.58,1278.05,1271.84,1291.32,1286.36,1295.56,1334.77,1344.89,1378.43,1412.36,1433.26,1470.58,1487.24,1548.75,1571.47,1604.06,1619.06,1643.19,1673.87,1656.3,1620.86,1594.51,1596.16,1590.19,1570.81,1599.21,1626.01,1666.8,1731.19,1836.41,1878.68,1928.67,1944.49,2075.67,2093.89,2083.82,2068.27
bgd,Bangladesh,1661.58,1763.13,1920.18,2138,2363.44,2619.27,2842.98,3138.77,3449.41,3692.04,3974.46,4202.25,4345.35,4497.17,4595.88,4729.78,4767.05,4670.33,4621.63,4500.43,4345.06,4211.96,4030.54,3880.94,3675.5,3609.45,3566.44,3474.39,3421.61,3447.01,3447.94,3482.64,3358.06,3457.86,3476.4,3594.3,3721.02,3833.59,3856.8,3961.75,3753.51,3537.41,3738.23,3897.29
bgr,Bulgaria,243.17,270.55,270.74,287.95,299.3,293.75,279.83,262.67,270.23,294.55,358.27,389.04,431.86,441.31,467.1,447.19,444.51,442.84,393.04,348.61,338.4,316.44,298.31,283.46,272.69,247.31,229.52,220.99,204.46,197.81,182.63,172.52,170.45,158.36,156.48,149.93,138.79,132.99,130.99,135.4,140.12,144.9,135.52,126.19
bhr,Bahrain,4.26,4.74,4.97,5.28,5.56,5.64,5.94,6.39,6.57,6.83,7.41,7.67,7.93,8.37,8.82,9.14,9.71,9.8,11.42,12.92,13.96,15,16.36,18.17,21.33,23.09,24.3,25.27,27.3,29,30.07,28.53,28.12,27.85,28.37,26.9,25.82,25.03,23.9,21.95,22,21.25,20.95,20.76
bhs,Bahamas,34.5,37.35,40.27,42.52,44.09,48.29,46.99,43.45,43.53,45.11,48.98,52.91,54.06,56.59,60.31,58.4,57.97,58.1,59.73,62.73,62.75,64.41,66.07,71.55,78.12,89.49,92.38,97.16,102.58,113.87,114.16,123.8,125.79,128.47,129.32,134.75,136.78,137.93,138.58,142.63,150.1,150.57,151.47,151.48
bih,Bosnia and Herzegovina,150.81,151.82,152.8,151.98,144.13,130.35,126.96,127.07,128.67,129.75,128.37,133.75,135.64,131.03,127.82,116.3,107.42,101.49,93.56,90.89,91.74,86.54,84.9,81.1,76.92,75.1,73.1,73.8,67.46,63.97,59.71,57.37,55.35,54.21,53.4,53.28,52.16,50.33,50.48,50.51,47.42,45.38,44.33,43.24
blr,Belarus,411.45,433.17,470.34,472,440.58,388.43,355.06,368.84,441.41,563.42,644.52,704.74,890.33,1077.13,1154.24,1260.12,1227.91,1307.53,1354.09,1367.25,1341.38,1375.82,1553.62,1462.23,1409.25,1294.39,1185.2,1152.12,1258.77,1189.33,1040.95,1106.96,863.28,765.74,695.55,647.8,507.81,387.31,372.88,385.24,423.63,405.41,349.75,350.06
blz,Belize,10.98,11.13,11.23,10.76,10.64,11.35,12.25,12.64,13.53,14.5,15.91,17.13,18.01,18.84,20.24,20.85,23.38,28.71,34.94,36.58,40.39,43.56,48.35,50.83,53.21,64.83,65.97,67.75,72.99,84.31,85.78,93.01,94.45,93.82,92.44,94.17,94.15,93.76,93.9,101.31,97.07,96.52,102.52,104.58
bol,Bolivia,470.68,467.55,471.85,481.61,478.07,486.23,493.54,506.01,515.57,517.88,524.53,534.14,538.74,552.48,563.58,576.09,575.57,590.43,601.7,599.21,662.83,621.91,636.78,646.48,656.72,665.28,677.93,696.99,707.82,723.05,748.9,737.98,729.8,725.14,719.55,718.75,714.87,709.78,709.28,711.58,913.7,961.63,815.42,776.62
bra,Brazil,26214.6,25712.62,26235.63,28297.63,30757.88,31887.28,33719.75,35099.75,36309.99,39056.99,40191.49,39946.78,39604.07,41824.35,43272.81,45424.82,46875.59,48546.82,51052.44,51844.68,54116.25,56657.32,58627.12,58861.85,57149.99,55912.64,55535.75,55947.25,57389.99,59037.97,59169.32,59481.66,62176.23,63284.11,64974.54,65875.69,67858.87,67376.73,61782.83,55744.81,55080.05,52952.19,52420.49,52229.21
brb,Barbados,19.26,18.58,18.28,18.48,18.37,20.15,20.57,21.51,21.41,21.92,23.92,24.3,25.2,26.11,26.35,25.79,25.42,25.75,26.85,26.51,25.95,27.14,27.58,28.82,31.55,35.74,35.18,34.56,37.17,38.81,36.68,37.08,35.61,36.43,36.58,36.84,37.41,37.6,37.49,38.24,37.62,36.62,38.4,39
brn,Brunei,3.63,3.66,3.75,3.82,3.82,3.87,3.99,4.03,4.09,4.21,4.37,4.44,4.46,4.48,4.53,4.55,4.59,4.48,4.25,4.02,3.84,3.74,3.66,3.57,3.61,3.6,3.49,3.63,3.62,3.68,3.71,3.75,3.8,3.85,3.85,3.89,3.93,3.92,3.95,3.95,4.09,4.21,4.37,4.27
btn,Bhutan,10.29,10.57,10.68,10.98,11.23,11.68,12.02,12.03,12.55,12.85,13.68,13.74,14.23,13.78,13.07,13.4,13.55,14.01,14.27,13.74,15.02,14.63,13.58,12.09,11.54,11.64,11.3,10.94,10.82,10.84,10.85,10.69,10.52,10.56,10.39,10.19,10,9.68,9.25,8.95,8.87,8.76,8.78,8.33
bwa,Botswana,57.6,61.26,68.08,65.67,63.91,58.25,48.37,35.25,25.81,24.65,24.36,24.33,25.71,26.95,29.81,35.89,44.14,60.22,90.04,137.73,208.08,312.23,411.43,429.15,372.7,364.9,348.44,336.03,331.7,330.78,332.22,319.88,311.61,298.09,282.03,285.64,276.61,262.15,260.18,257.24,252.33,258.42,249.09,245.24
caf,Central African Republic,231.54,238.4,244.33,243.96,249.22,256.64,277.75,288.14,286.65,292.99,302.04,317.86,325.03,349.75,363.75,367.43,387.95,390.17,411.6,421.05,421.44,431.38,448.17,455.93,462.4,471.46,487.27,498.62,490.41,508.02,536.98,610.24,543.86,952.65,1683.7,891.12,843.3,1740.6,1000.05,720.11,958.24,821.14,803.23,801.14
can,Canada,656.23,680.79,671.4,660.28,642.26,610.99,604.01,623.89,604.27,612.17,652.41,684.17,667.76,632.69,628.79,607.31,603.91,526.72,534.02,522.32,527.69,546.05,538.7,534.22,564.85,604.38,600.84,597.82,617.64,605.01,583.3,552.06,543.72,511.29,498.97,510.26,508.08,518.87,507.49,522.22,633.76,609.58,554.98,540.66
che,Switzerland,81.34,86.53,91.93,93.05,89.55,91.52,90.3,93.58,98.19,105.02,111.23,114.74,117.56,117.53,112.35,101.43,93.98,91.08,84.25,82.25,79.46,80.23,80.96,77.11,75.71,69.17,65.29,63.45,61.79,62.7,59.21,59.5,58.05,55.78,52.61,52.48,49.3,49.52,50.76,49.48,47.46,42.41,43.66,41.24
chl,Chile,1018.66,1031.34,1072.79,1130.13,1133.02,1156.4,1150.59,1144.41,1177.46,1209.43,1071.65,1004.94,921.34,858,825.42,818.86,809.55,801.61,816.7,829.32,890.3,921.11,904.23,899.32,899.82,916.4,895.4,796.32,791.02,847.81,810.78,786.45,761.35,758.43,820.2,808.66,749.79,664.04,591.74,600.48,692.8,626.65,701.5,689.56
chn,China,50009.33,50153.39,49588.16,48990.87,47888.02,47548.67,46940.55,47354.15,47309.97,47732.96,47720.24,46708.02,45164.73,43872.52,43113.19,41322.22,39059.55,37631.73,36500.13,34944.93,33173.53,30861.22,29504.79,29175.15,28447.84,26357.38,24039.74,21936.39,19975.84,18718.98,16633.92,14736.31,13166.36,11905.91,10913.44,10095.3,9447.51,8806.94,8219.56,7772.61,7535.63,7365.01,7579.97,7014.42
civ,Cote d'Ivoire,890.75,929.66,959.41,1020.51,1061.43,1126.91,1172.69,1214.67,1263.9,1299.69,1322.53,1364.48,1412.34,1502.08,1582.1,1688.32,1724.91,1797.02,1870.66,1881.81,1952.84,1930.68,1987.59,2113.81,2143.34,2120,2042.35,2088.26,2090.19,2063.18,2032.57,2065.39,2164.31,2315.31,2396.22,2498.9,2658.32,2730.71,2814.44,2929.18,3075.73,3187.81,3235.71,3341.01
cmr,Cameroon,559.29,562.73,559.66,542.85,542.87,561.99,558.81,596.46,617.46,651.43,683.09,769.08,781.94,849.02,871.3,875.15,915.68,958.94,1062.71,1037.9,1086.77,1115.49,1163.69,1195.38,1226.87,1279.19,1340.55,1214.5,1269.18,1329.39,1390.78,1414.93,1432.62,1464.09,1506.96,1558.73,1648.23,1777.98,1784.82,1850.3,1871.42,2011.56,1975.18,2300.6
cod,"Congo, Dem. Rep.",1453.76,1508.78,1565.47,1636.65,1674.92,1786.12,1780.95,1840.55,1890.19,1931,2036.71,2139.68,2215.97,5450.12,2488.97,2969.7,2803.11,2863.47,3189.1,4666.7,4176.78,3851.26,6295.73,4428.19,3546.34,3613.21,3652.07,3744.69,3919.38,4003.41,4135,4242.54,4548.89,4624.66,4832.11,4663.52,5452.74,5551.36,6583.37,4999.36,5886.94,5788.72,6034.17,5225.69
cog,"Congo, Rep.",133.63,126.92,132.38,147.37,142.96,145.6,145.21,157.12,166.12,160,167.47,169.42,175.98,182.21,206.69,214.04,220.9,242.35,228.14,236.56,236.43,223.77,224.06,236.26,236.85,245.69,247.15,251.25,255.54,258.47,255.97,243.54,243.74,244.5,247.91,254.13,264.63,273.96,285.89,298.84,317.85,344.26,349.67,362.06
col,Colombia,8858.49,9494.65,9781.54,10030.58,10778.41,13231.58,15157.55,17229.53,19396.64,21884.27,24596.92,27745.18,28932.94,29176.9,27319.52,25603.32,25306.83,25768.75,27252.02,28793.18,32408.68,34124.21,35610.03,25790.71,23233.11,19945.65,18861.56,18054.22,18461.43,19650.46,19257.61,17896.42,16804.68,15537.08,14197.73,13584.58,13234.18,13316.11,13747.7,13965.94,14054.85,15851.02,16044.81,15959.03
com,Comoros,22.57,23.64,24.66,25.36,26.17,27.1,27.66,29.14,30.14,31.34,33.66,35.6,37.47,39.19,41.26,42.88,44.7,46.31,88.08,48.59,50.88,52.62,55.19,55.74,53.94,56.49,53.95,58.85,59.3,56.92,59.41,59.93,59.4,59.82,63.08,64.41,65.28,66.41,65.24,67.39,69.88,76.21,71.96,73
cpv,Cape Verde,38.22,39.13,39.82,41.05,41.81,42.86,43.52,45.12,45.39,46.52,47.91,48.21,49.03,49.46,49.71,51.86,50.72,51.32,51.5,50.94,51.73,52.93,53.92,55.64,57.29,60.12,61.57,61.35,65.22,67.68,71.75,72.75,72.61,72.56,72.05,71.03,71.03,69.59,66.62,64.84,62.7,62.16,59.84,57.94
cri,Costa Rica,129.49,126.57,122.58,121.98,125.94,133.32,135.31,147.44,151.9,161.48,175.74,188.53,208.6,217.52,235.09,242.4,251.24,267.16,271.61,279.14,284.62,294.69,298.11,308.2,310.16,321.65,342.06,334.13,385.47,418.06,456.22,441.63,422.61,440.51,471.3,513.88,532.97,549.65,553.8,559.67,575.01,616.53,671.27,644.16
cub,Cuba,660.34,668.09,687.4,685.54,705.52,743.93,777.69,800.47,838.21,851.32,866.83,872.22,824.4,876.11,921.39,887.82,828.27,839.87,839.44,730.3,687.05,700.67,716.59,725.43,742,775.77,707.83,689.62,674.18,712.16,676.4,698.12,737.92,783.46,762.39,780.81,740.57,668.32,632.62,637.51,614.11,702.94,765.6,765.1
cyp,Cyprus,29.26,30.21,29.61,29.65,28.15,27.85,25.93,25.2,24.42,23.23,22.25,22.12,21.73,22.19,22.71,22.59,22.97,22.98,23.75,23.69,23.31,23.07,22.76,22.4,22.34,22.87,22.36,22.11,21.7,21.27,21.14,19.73,19.39,18.8,18.58,18.53,18.06,18.18,18.23,17.3,16.62,16.38,16.37,15.45
cze,Czech Republic,175.06,174.66,172.12,175.45,167.29,161.13,163.49,156.45,160.37,179.54,227.67,231.5,245.69,243.31,249.91,230.3,219.4,234.75,214.83,202.89,194.86,179.42,176.97,174.4,164.93,152.29,152.65,146.82,136.8,130.38,122.64,123.22,119.02,111.28,105.82,100.42,91.71,90.85,92.03,98.11,100.53,97.12,96.42,93.69
deu,Germany,947.95,983.53,999.38,979,948.91,924.63,914.15,885.98,894.25,950.36,1036.04,1096.47,1138.53,1134.05,1138.09,1103.46,1038.63,985.18,951.12,929.59,871.06,828.39,842.64,804.61,760.44,701.02,688.47,668.92,654.34,652.35,631.97,606.75,572.09,550.09,543.31,559.59,546.32,543.54,531.2,482,344.47,269.5,277.15,304.82
dji,Djibouti,18.57,21.28,23,24.18,25.42,26.43,27.54,30.88,33.81,37.07,41.95,62.69,57.34,64.43,58.4,83.99,70.21,72.72,82.84,89.94,97.83,105.8,115.15,117.26,129.88,133.89,134.75,140.25,142.86,145.35,150.82,153.72,156.66,159.42,156.92,164.37,167.92,173.16,167.55,170.8,170.46,178.24,179.7,184.72
dma,Dominica,3.91,3.83,3.72,3.74,3.77,3.89,4.05,4.21,4.31,4.42,4.58,4.65,4.74,4.81,4.82,4.86,4.83,4.79,4.8,4.72,4.57,4.96,5.38,5.67,5.87,6.23,6.47,6.81,7.03,7.45,7.79,7.83,7.9,7.9,7.88,7.85,12.81,7.7,7.56,7.5,7.54,8.08,8.07,7.68
dnk,Denmark,74.11,75.44,76.94,80.05,80.92,81.64,80.12,78.46,80.77,84.31,86.78,88.89,90.98,91.5,96.22,91.94,86.09,84.28,79.91,80.46,77.64,74.41,75.53,71.71,68.8,65.82,63.44,62.03,60.14,58.85,55.04,53.79,47.73,44.76,44.86,44.27,43.33,43.8,43.33,41.98,44.39,34.68,34.91,34.24
dom,Dominican Republic,653.04,655.39,658.47,674.16,683.66,711.71,759.21,819.83,855.44,885.89,916.61,931.32,942.31,959.95,983.09,1007.77,1016.55,1069.66,1106.04,1116.69,1148.09,1152.86,1168.52,1233.66,1320.54,1433.19,1553.3,1668.35,1736.49,1831.32,1894.25,1903.51,1977.78,2071.82,2165.27,2136.57,2061.58,2005.73,1936.29,1836.26,1867.87,1843.75,1781.71,1703.94
dza,Algeria,542.5,545.15,532.5,511.09,478.4,460.93,449.23,464.6,480.25,496.92,505.96,499.53,514.08,535.42,586.64,635.5,595.24,878.03,779.61,667.81,671.75,685.25,685.75,675.23,633.26,609.85,599.26,573.5,564.86,558.68,548.04,539.99,529.57,542.56,517.45,507.86,511.85,555.28,561.06,517.71,517.15,506.74,520.36,498.52
ecu,Ecuador,650.26,732.11,782.62,808.39,841.72,881.72,983.75,1065.12,1096.72,1187.82,1220.08,1278.74,1476.3,1649.25,1761.79,1924.97,2060.29,2245.36,2524.02,2619.58,2828.98,2930.86,2965.85,2854.13,3144.84,3279.62,3257.24,3155.22,3133.56,2984.98,2930.13,2639.2,2221.24,1825.12,1550.09,1330.86,1164.11,1161.76,1216.21,1457.96,1627.96,2529.27,4304.37,4385.92
egy,Egypt,370.98,378.59,383.8,385.61,387.93,402.97,375.25,337.41,309.75,286.69,258.15,234.56,212.75,204.22,201.03,206.73,206.17,210.19,214.18,219.12,222.39,240.06,266.51,312.25,367.65,429.05,502.2,561.62,625.97,673.64,796.8,938.48,1116.5,1261.63,1290.67,1358.39,1453.28,1444.81,1441.08,1381.66,1394.28,1402.32,1073.14,1073.65
eri,Eritrea,538.87,551.89,564.77,585.32,611.24,626.4,647.99,669.06,683.59,698.28,727.66,743.19,691.81,659.17,689.54,736.16,774.89,812.49,841.07,888.75,959.25,996.34,1107.58,1159.71,1256.9,1319.57,1371.56,1410.82,1485.58,1550.83,1572.18,1564.37,1585.14,1624.82,1603.62,1663.55,1689.01,1732.84,1749.18,1771.48,1821.13,1932.1,1850.01,1868.83
esp,Spain,434.53,417.22,419.62,466.24,493.2,502.07,484.51,490.29,460.01,469.32,480.38,472.01,462.85,454.12,452.98,445.1,425.18,410.56,400.61,411.45,432.77,448.98,463.57,476.01,488.06,423.27,401.7,381.57,386.11,374.94,350.44,348.39,328.12,306.3,295.57,282.86,276.48,286.28,279.34,282.48,272.66,255.8,261.81,254.56
est,Estonia,96.24,100.21,99.55,100.27,93.41,82.59,75.69,74.9,90.48,118.11,151.37,182.68,247.79,298.93,330.43,319.85,276.74,258.33,250.81,236.26,224.6,217.66,199.69,180.87,165.28,153.76,138.95,128.01,115.21,103.3,90.71,89.99,80.27,74,67.76,62.91,58.14,50.67,48.66,46.63,49.01,45.4,45.68,45.69
eth,Ethiopia,7239.65,7195.8,7401.66,7722.55,7932.42,8249.01,8578.51,9008.38,9360.41,9732.64,10217.88,10668.21,11868.19,11626.97,12079.39,13391.89,12501.2,12613.09,13120.13,12598.22,12819.73,12589.9,13100.68,12705.27,12217.23,12235.24,12346.86,11987.28,12003.62,11815.2,11464.44,11318.3,11568.51,11416.88,11618.91,11838.27,12118.16,12245.98,12345.15,12035.61,11516.14,11197.87,11456.28,11634.19
fin,Finland,155.58,148.43,149.42,152.62,155.36,152.88,163.11,157.27,172.08,187.56,191.19,190.48,190.81,185.43,179.4,173.87,166.09,157.52,149.08,154.75,152.02,148.14,144.75,138.11,141.11,131.46,126.87,126.93,128.51,124.02,117.33,114.37,101.06,100.54,95.9,93.52,86.67,84.31,87.54,84.94,88.89,74.6,70.09,71.84
fji,Fiji,15.98,17.29,17.65,18.16,18.63,19.68,20.16,20.75,21.72,21.94,22.3,22.22,22.51,22.68,24.04,25.25,26.87,28.42,30.09,32.3,35.26,36.61,37.81,35.87,33.84,34.62,34.34,34.2,34.28,33.47,33.91,33.59,33.5,33.1,32.15,31.34,31.03,30.18,29.05,28.94,29.44,30.86,28.35,27.29
fra,France,852.5,878.42,949.15,989.13,1011.74,987.67,935.52,889.07,874.27,918.78,935.03,938.19,941.67,940.12,959.38,925.3,852.49,801.59,731.42,701.71,669.12,667.22,671.17,648.74,611.33,581.25,568.73,549.89,572.28,581.26,558.64,566.28,557.61,529.47,499.75,498.68,480.45,504.83,573.24,597.56,606.64,600.66,652.88,648.16
fsm,"Micronesia, Fed. Sts.",5.92,5.96,6.03,6.14,6.28,6.38,6.45,6.51,6.6,6.55,6.63,6.66,6.66,6.66,6.73,6.74,6.75,6.78,6.82,6.79,6.83,6.81,6.8,6.95,7.01,7.05,7.01,6.96,6.89,6.9,6.84,6.82,6.79,6.84,6.9,6.82,7.02,7.1,6.85,7.15,7.68,8.25,8.04,7.67
gab,Gabon,22.34,24.02,27.33,32.35,32.76,34.77,35.71,38.34,39.7,40.94,40.05,42.14,43.01,41.76,42.89,45.84,45.37,46.84,47.86,46.45,48.32,50.62,53.33,55.13,56.28,59.54,61.06,62.92,63.57,64.85,64.2,63.96,64.5,66.02,68.33,70.15,71.08,71.36,71.23,72.48,74.88,76.04,75.57,76.52
gbr,UK,656.74,607.71,684.66,688.13,691.13,682.68,691.6,753.95,786.07,796.86,684.76,670.69,740.12,851.58,865.08,725.1,553.02,485.95,472,475.91,504.93,547.33,569.95,571.44,558.26,540.95,530.64,512.8,483.42,454.65,430.08,440.93,403.42,377.3,366.62,348.45,333.79,335.14,325.74,307.47,269.26,267.68,254.57,250.26
geo,Georgia,155.9,158.95,140.55,139.2,127.99,121.89,112.51,124.98,147.84,204.82,219.72,205.07,224.05,208.65,200.75,165.48,184.3,258.87,317.03,269.78,243.65,243.01,214.57,166.99,158.82,137.06,125.78,117.44,114.66,104.15,110.63,107.88,111.59,106.52,112.71,114.64,103.39,92.98,87.27,78.35,80.54,80.4,83.25,80.86
gha,Ghana,1103.76,1161.24,1216.44,1286.39,1367.84,1434.35,1496.73,1572.88,1604.9,1632.31,1668.44,1712.01,1773.75,1742.69,3754.9,1934.47,1774.47,1792.8,1812.89,1775.99,1812.88,1845.2,1833.6,1801.71,1802.54,1804.97,1769.46,1709.94,1700.12,1583.37,1687.97,1772.01,1818.1,1891.61,1964.38,2038.08,2143.81,2267.67,2316.88,2416.85,2563.14,2734.82,2708.6,2718.38
gin,Guinea,381.83,387.28,409.42,405.54,410.92,423.58,448.88,468.98,480.28,493.96,507.14,525.72,557.65,589.45,610.75,634.11,656.7,682.01,695.24,693.05,730.54,725.1,729.78,739.44,776.72,793.34,833.59,843.34,854.13,872.38,908.42,948.36,928.71,1059.48,995.14,1020.34,1054.46,1082.83,1109.21,1143.35,1254.1,1245.2,1208.1,1214.14
gmb,Gambia,16.41,16.27,15.8,16.21,16.31,16.45,17.45,18.68,20.07,20.46,24.53,25.95,27.68,28.36,28.63,31.44,30.79,31.23,33.08,34.22,34.23,32.79,34.94,27.34,23.12,30.49,35.14,42.18,39.19,57.48,40.04,38.59,39.48,41.7,46.88,47.62,53.49,59.9,61.23,66.81,67.08,68.47,65.1,65.07
gnb,Guinea-Bissau,97.47,100.15,101.7,104.9,109.46,113.36,116.86,121.85,124.55,128.45,131.98,133.81,135.58,138.05,139,141.16,144.05,144.08,145.96,145.47,150.72,155.99,160.28,164,167.96,172.21,173.96,183.34,189.41,191.88,197.3,198.3,198.34,203.54,210.27,217.61,230.5,237.29,240.14,251.88,265.84,276.48,273.37,279.77
gnq,Equatorial Guinea,26.56,27.43,27.7,28.78,30.22,31.45,30.18,30.72,35.51,37.28,39,40.72,41.49,43.18,43.78,46.28,46.38,43.11,41.6,40.07,38.64,36.17,34.38,34.01,33.49,33.26,33.64,33.81,33.83,35.52,37.15,37.05,37.13,38.43,40.94,42.74,47.18,51.9,55.6,60.22,70.5,76.09,76.43,80.22
grc,Greece,110.24,115.17,118.94,118.58,123.79,126.13,120.72,120.8,125.23,126.01,135.31,142.24,144.96,146.49,146.74,143.44,146.48,144.73,141.29,136.87,130.64,128.92,123.68,125.76,124.48,121.2,118.39,128.57,133.82,136.68,140.17,136.64,131.91,117.36,106.2,96.13,93.83,93.04,118.45,96.93,86.95,85.57,86.05,86.25
grd,Grenada,3.35,3.34,3.25,3.16,3.07,3.14,3.17,3.28,3.26,3.25,3.36,3.51,3.58,3.69,3.68,3.61,3.77,3.81,3.89,3.91,3.89,3.81,4.06,4.34,4.68,5.54,5.23,5.13,5.45,6.08,5.76,6.1,6.04,6.21,6.02,5.97,5.88,5.64,5.32,5.37,5.12,5,5.52,5.55
gtm,Guatemala,3922.21,4821.92,4199.83,2566.69,1955.8,2279.33,2483.29,2686.47,3022.36,3202.37,3587.19,3916.26,4108.29,4202.97,4514.22,4566.2,4537.28,4727.02,4644.03,4317.02,4376.75,4452.35,4633.87,5041.72,5407.85,6525.18,6436.63,6383.42,6700.2,7394.56,5993.21,4926.67,4368.35,4441.84,4445.45,4438.27,4358.69,4099.29,3793.1,3490.2,2951.36,3146.49,3306.66,3372.82
guy,Guyana,58.08,59.47,58.65,58.84,58.99,59.4,65.79,82.4,84.18,91.33,95.25,90.23,89.36,92.81,93.64,97.08,106.82,107.53,108.53,100.53,109.99,117.04,139.22,147.67,142.99,154.85,150.58,140.62,143.06,150.33,148.59,150.44,150.04,159.79,165.39,162.77,156.49,140.86,128.23,131.39,111.35,117.1,125.43,123.02
hnd,Honduras,1347.73,1361.24,1371.37,1387.3,1379.95,1398.1,1417.18,1440.68,1519.24,1562.93,1644.33,1718.49,1791.77,1854.56,1931.93,2020.4,2085.05,2180.88,2261.08,2303.02,2378.96,2431.44,2472.63,2492.33,2494.88,2592.71,2717.27,2861.5,3028.35,3184.67,3335.54,3299.28,7749.42,7514.31,7596.24,8218.9,3390.05,3262.91,3860.22,3307.68,3352.21,3380.38,3132.77,3010.98
hrv,Croatia,115.33,120.19,123.22,127.5,123.79,117.96,116.21,116.42,115.11,122.69,146.22,158.03,173.95,169.96,161.98,149.74,141.54,149.03,136.1,128.49,115.21,103.66,96.67,94.11,87.45,80.69,81.65,78.2,74.69,67.04,63.52,63.05,62.09,56.35,51.61,49.29,48.64,48.91,45.05,46.67,46.9,44.96,44.27,43.37
hti,Haiti,1264.66,1265.22,1282.95,1329.6,1327.6,1490.53,1535.92,1589.59,1623.51,1627.93,1747.14,1740.27,1769.91,1809.38,1820.14,1893.24,1905.22,2044.19,1982.16,2088.18,2176.25,2312.31,2414.29,2524.41,2629.58,2705.31,2773.72,2874.56,2898.67,2922.6,2909.85,3032.5,3109.96,3222.05,3375.5,3489.32,3548.62,3672.76,3974.84,3972.78,4417.66,4583.18,4533.92,6678.76
hun,Hungary,240.9,252,252.41,283.06,296.53,287.73,290.08,271.92,275.89,309.11,359.2,389.86,419.94,408.37,398.63,373.64,350.38,371.12,350.26,326.7,296,276.31,266.2,244.81,234.63,219.19,213.47,209.22,201.3,183.94,172.63,173.36,172.06,156.86,143.24,139.61,132.41,122.05,122.44,121.27,124.68,122.66,123.47,120.65
idn,Indonesia,3010.04,3042.37,3090.71,3141.87,3157.95,3216.55,3279.45,3372.86,3425.31,3459.25,3507.77,3513.13,3547.51,3609.38,3634.41,3670.58,3703.03,4131.1,3891.74,4956.26,4518.14,4702.59,4166.83,4141.78,4196.74,4119.46,4102.54,4044.81,3909.08,3817.27,3730.5,3615.85,3519.62,3430.51,3352.99,3368.68,3417.67,3431,3444.62,3471.33,3578.27,3862.41,3606.88,3518.57
ind,India,34859.5,34765.77,35310.35,35910.8,40931.47,38127.78,38828.01,39835.49,40126.95,40611.92,42011.05,40535.94,40883.69,40830.44,40702.99,41379.52,41984.89,42886.95,44643.63,45370.66,45581.55,45588.01,46936.54,45019.8,45105.16,45425.87,45707.59,45778.53,45934.76,45920.61,45098.22,42941.49,41147.16,41282.97,41104.47,41484.06,42361.92,43520.02,43383.21,43480.43,45472.71,52305.27,46760.55,44288.39
irl,Ireland,40.25,42.2,40.83,40.75,40.46,39.24,38.74,39.33,38.72,40.49,40.36,40.4,40.32,40.17,39.96,40.58,39.28,40.02,41.34,43.03,41.85,42.62,43.91,41.42,39.62,37.31,39.7,42.17,41.84,42.97,39.35,37.73,35.61,32.45,30.43,28.34,27.01,26.93,27.1,26.08,23.63,21.78,22.51,22.15
irn,Iran,1319.91,1390.55,1428.96,1508.87,1558.17,1629.09,1672.58,1744.76,1800.37,1842.82,1876.78,1868.14,1810.25,1831.16,1827.41,1818.47,1811.28,1826.44,1872.92,1888.01,1883.31,1923.43,1931.31,1966.58,1968.05,1950.39,1960.28,2020.67,2112.39,2191.76,2342.5,2311.69,2361.55,2418.44,2454.8,2537.56,2554.96,2547.99,2515.54,2451.45,2493.57,2595.45,2432.93,2365.8
irq,Iraq,543.16,565.56,575.58,613.17,654.05,704.96,747.05,789.03,818.56,857.92,891.55,956.38,1334.68,1174.45,1854.41,1905.72,1465.01,1693.09,1445.62,1488.99,1654.73,1652.51,1888.31,2255.9,2717.12,3041.91,3522.29,4054.83,4176.49,4483.12,4964.92,5037.73,5312.28,5487.74,5866.27,5798.47,5724.07,5747.36,5909.15,5897.78,6980.7,7029.49,6541.55,6418.03
isl,Iceland,2.77,2.8,2.89,2.9,2.98,2.98,2.9,2.97,2.94,3.03,3.09,3.16,3.01,2.95,2.86,2.69,2.71,2.64,2.54,2.56,2.54,2.58,2.62,2.54,2.49,2.33,2.34,2.34,2.34,2.39,2.36,2.28,2.27,2.18,2.13,2.1,2.12,2.18,2.21,2.25,2.1,1.88,1.9,1.97
isr,Israel,130.31,129.86,131.42,136.6,137.59,143.99,140.95,137.44,139.13,150.46,153.94,155.19,157.77,171.54,174.4,166.91,166.99,161.25,169.57,190.49,208.46,218.62,230.21,237.8,233.24,220.47,210.75,192.67,183.29,197.71,185.18,179.84,174.85,166.2,164.09,164.91,159,163.21,164.32,172.03,163.8,163.52,168.91,169.16
ita,Italy,1140.13,1182.13,1243.08,1171.73,1041.6,963.37,906.05,1045.17,1211.31,1403.31,1618.82,1620.36,1384.36,1135.35,1040.86,978.18,941.27,864.6,827.27,783.66,715.1,664.74,655.92,691.91,659.94,601.38,593.66,601.25,563.13,548.72,509.63,493.95,484.15,448.14,411.96,416.16,390.6,362.49,376.09,288.09,274.73,287.56,283.85,276.12
jam,Jamaica,368.07,377.75,537.63,330.11,290.92,263.92,252.08,265.09,260.47,270.26,270.74,288.14,328.88,367.99,424.19,492.61,546.4,614.9,650.54,661.8,675.19,728.52,693.05,680.15,766.27,817.02,755.61,743.67,659.5,767.88,714.96,772.23,741.38,766.25,823.82,886.05,931.59,972.61,985.9,1021.44,1016.19,986.44,986.65,942.57
jor,Jordan,181.31,188.56,201.98,178.47,166.55,155.72,143.75,137.15,129.77,128.11,125.44,126.69,127.1,137.02,144.96,149.69,157.11,159.94,170.87,183.16,194.46,209.28,219.49,227.97,236.37,238.87,237.74,248.12,262.86,261.24,268.73,265.8,282.6,286.96,299.59,319.68,330.64,326.42,322.4,319.53,322.57,324.55,300.24,293.32
jpn,Japan,1454.37,1447.37,1441.55,1474.81,1437.3,1393.81,1349.7,1294.18,1233.6,1134.37,1093.07,1055.6,1086.23,1116.43,1116.48,1008.88,983.49,1026.13,1093.58,1100.79,1091.83,1064.54,1074.65,1037.36,1001.51,929.57,891.94,850.16,822.18,777.43,747.56,697.96,666.48,652.25,660.8,641.28,629.55,609.21,610.27,639.76,574.55,571.84,544.84,597.27
kaz,Kazakhstan,1521.5,1596.3,1553.63,1514.86,1221.8,1163.1,942.24,997.57,1182.92,1570.78,1956.9,2252.23,2807.09,3369.57,3642.73,3903.63,3594.99,3505.42,3174.75,2933.46,3010.53,2933.48,2817.4,2926.08,3085.45,2952.21,2782.9,2651.97,2402.94,2117.78,2068.96,1984.24,1844.67,1612.17,1417.74,1455.33,1374.92,1294.26,1293.13,1215.78,1201.73,1147.19,1096.34,1024.47
ken,Kenya,2441.17,2494.73,2560.74,2655.87,2734.6,2827.71,2940.99,3085.69,3170.14,3334.11,3408.94,3574.51,4078.29,4197.89,4142.89,4396.36,4708.41,5080.98,5468.03,5575.73,6024.82,6189.4,6423.29,6712.1,7120.22,7594.43,7733.01,7638.23,8047.13,7782.37,7628.37,7594.08,7646.77,7503.16,7543.7,7685.88,7610.26,7678.62,7615.61,7582.5,7883.96,8208.19,7694,7698.45
kgz,Kyrgyz Republic,337.46,337.78,328.48,316.77,259.89,238.74,187.81,207.3,255.44,354.42,513.77,511.24,635.75,709.21,741.57,691.23,630.53,552.67,491.03,461.25,455.13,431.01,421.15,411.12,438.72,446.64,435.59,416.61,393.7,384.36,400.14,367.61,329.58,300.22,274.11,269.44,242.4,222.29,207.7,188.48,156.85,133.53,139.2,141.37
khm,Cambodia,588,609.24,622.07,654.03,669.63,688.41,706.42,729.79,742.56,749.67,764.05,772.6,784.62,791.26,812.97,832.59,842.61,853.75,850.11,771.66,705.19,656.71,616.35,571.74,548.68,528.66,507.05,506.88,497.98,495.71,498.64,493,502.97,493.04,482.23,479.05,474.41,460.11,455.5,451.97,444.06,450.64,476.21,475.16
kir,Kiribati,1.53,1.6,1.72,1.81,1.91,2.08,2.46,1.86,1.43,1.16,0.96,0.79,0.63,0.62,0.72,0.83,0.8,0.8,0.77,0.77,0.77,0.77,0.78,0.78,0.78,0.78,0.8,0.8,0.81,0.84,0.82,0.81,0.8,0.79,0.79,0.79,0.77,0.77,0.78,0.79,0.81,0.85,0.8,0.79
kna,St. Kitts and Nevis,5.13,5.01,4.78,4.44,4.33,4.66,4.7,4.69,4.75,4.78,4.98,5.07,4.98,5.24,5.61,5.57,5.56,5.82,5.99,5.74,5.71,6.03,6.62,7.53,8.13,9.17,8.79,9,9.78,10.73,10.52,11.24,10.94,10.93,10.64,10.6,10.29,9.82,9.36,9.12,8.83,8.81,8.7,8.59
kor,South Korea,1511.5,1393.19,1375.88,1355.26,1230.9,1170.26,1122.11,1116.5,1082.31,1095.57,1083.23,1051.31,1036.11,1021.02,1068.21,1042.93,1067.72,1110.72,1155.7,1144.14,1161.24,1184.64,1207.62,1229.16,1225.36,1168.42,1127.36,1090.27,1050.93,1004.1,936.76,855.86,787.79,732.95,682.13,639.58,597.36,555.96,533.52,513.81,501.44,489.07,486.02,501.68
kwt,Kuwait,9.32,9.06,9.99,12.01,20.3,24.38,15.65,13.88,13.43,14.11,19.57,25.16,25.24,27.7,27.74,31.09,31.13,17.87,19.87,24.57,26.27,29.58,31.27,36.05,52.92,40.7,36.64,28.12,33.07,30.02,32.81,31.46,35.07,41.36,51.4,55.1,52.21,54.79,53.57,40.12,40.95,39.4,41.49,41.35
lao,Lao,403.31,408.93,418.02,424.8,428.18,433.7,439.36,450.55,461.86,467.22,477.25,491.74,500.98,516.51,531.55,544.34,549.73,562.57,585.48,580.35,576.88,588.15,584.46,567.26,544.91,534.67,520.6,505.24,490.63,492.41,486.23,469.7,466.68,461.26,461.17,473.04,470.42,468.06,464.21,469.83,472.66,492.7,479.77,470.42
lbn,Lebanon,133.59,138.08,142.02,147.33,149.34,150.36,152.45,146.39,151.91,478.56,1302.46,184.27,189.2,191.61,207.78,189.18,168.83,159.73,171.39,165.27,155.04,122.89,115.75,106.95,97.8,89.6,81.49,75.3,108.39,65.65,64.35,61.85,115.29,193.86,146.6,199.04,112.92,298.18,79.85,80.34,87.83,69.21,77.81,76.71
lbr,Liberia,95.97,103.54,112.24,111.32,135.85,174.24,176.53,184.28,181.2,170.21,222.13,447.98,163.11,236.28,632.34,154.3,2132.68,145.29,166.13,186.31,186.81,180.94,168.8,165.28,164.72,160.79,169.95,182.06,198.99,219.06,231.49,236.94,253.74,264.89,262,263.06,270.31,275.36,282.33,302.42,303.24,326.7,322.52,328.3
lby,Libya,86.9,92.54,96.72,100.23,104.12,107.95,109.42,112.82,116.13,117.29,119.82,118.39,119.7,123,124.76,127.72,130.23,137.94,142.96,150.24,155.32,166.56,175.16,180.28,175.07,170,156.26,160.13,175.35,171.23,176.79,178.33,549.81,176.31,1345.28,1374.36,772.24,869.26,798.94,185.93,204.56,205.65,192.44,174.71
lca,St. Lucia,12.19,12.19,12.13,12.23,12.52,13.52,14,13.75,14.48,14.65,15.57,16.47,17.35,18.23,18.52,18.76,18.83,19.32,20.53,20.97,21.67,22.61,24.93,26.93,28.4,31.61,29.03,29.68,29.83,35.15,35.6,36.76,36.16,35.85,34.76,34.43,34.43,35.97,34.26,35.1,34.34,32.35,34.02,33.83
lka,Sri Lanka,1026.23,1084.82,1187.83,1336.97,1395.97,1413.34,1380.9,1320.34,1233.11,1497.62,1118.85,989.36,946.08,908.07,995.87,1077.1,1181.32,1248.68,1223.13,1206.87,1217.02,1150.85,1084.05,1033.55,1052.69,1022.36,1030.48,880.86,842.11,734.68,635.08,579.14,518.11,468.46,425.51,411.77,398.74,385.05,369.37,358.17,313.66,293.18,383.92,384.46
lso,Lesotho,215.35,213.05,216.5,221.16,223.25,229.99,231.58,273.91,302.79,390.34,491.24,581.98,667.67,727.95,765.58,771.77,767.99,785.71,819.19,859.11,919.46,1080.47,1231.22,1202.3,1159.07,1079.53,956.66,918.01,931.18,952.75,978.47,962.37,970.56,974.71,965.79,962.46,928.48,903.77,895.32,909.22,891.27,902.08,896.95,903.81
ltu,Lithuania,188.21,196.39,199.51,202.59,195.22,174.68,148.7,142.9,168.71,214.33,269.32,321.62,395.2,474.81,512.16,487.6,422.21,401.19,382.49,381.78,402.68,396.11,372.4,379.08,369.8,370.81,348.51,332.24,314.18,268.1,248.21,229.48,203.59,193.71,176.97,169.14,152.32,132.03,124.57,114.86,114.05,103.63,99.43,103.27
lux,Luxembourg,7.69,7.92,8.44,8.45,8.54,8.39,8.23,8.3,8.38,8.79,8.87,8.77,8.71,8.43,8.32,7.88,7.42,7.14,6.84,6.74,6.6,6.53,6.63,6.39,6.15,5.84,5.69,5.55,5.31,5.31,5.15,5.12,4.91,4.69,4.57,4.43,4.21,4.2,4.23,4.15,3.8,3.3,3.24,3.27
lva,Latvia,157.1,167.84,159.86,151.34,143.77,132.12,120.62,125.29,159.65,217.59,270.04,329.17,445.87,572.01,608.09,545.16,450.25,423.28,387.92,371.14,358.1,343.1,331.09,313.62,287.94,275.58,258.77,231.37,214.57,190.33,172.83,167.16,154.75,150.02,145.38,133.1,120.86,109.29,105.7,98.61,94.68,98.85,102.2,98.69
mar,Morocco,239.08,226.33,206.73,196.78,181.1,170.97,158.87,152.91,143.62,137.89,129.57,131.33,139.38,152.01,171.91,198.14,222.84,260.65,297.53,338.12,369.1,400.44,413.34,426.38,430.49,433.08,434.16,428.08,415.76,408.63,398.03,383.66,372.52,371.13,364.84,374.45,370.99,364.91,352.28,341.88,356.93,338.5,303.85,289.37
mco,Monaco,0.16,0.16,0.16,0.16,0.16,0.16,0.16,0.16,0.16,0.16,0.16,0.16,0.16,0.16,0.16,0.16,0.16,0.16,0.16,0.16,0.16,0.16,0.17,0.17,0.16,0.16,0.16,0.16,0.15,0.15,0.15,0.15,0.15,0.15,0.15,0.15,0.15,0.15,0.15,0.14,0.14,0.14,0.13,0.13
mda,Moldova,373.81,387.17,395.32,412.78,351.89,311.96,270.6,262.42,310.92,375.21,446.05,522.98,651.7,692.4,778.28,784.57,716.27,649.88,611.36,602.75,606.1,542.42,524.48,488.4,453.99,444.73,410.73,397.4,378.69,357.19,344.71,309.24,302.25,295.42,267.55,247.22,227.68,192.2,189.38,191.01,166.69,148.72,161.45,161.17
mdg,Madagascar,511.23,512.45,529.7,535.45,526.81,523.38,427.21,372.64,327.43,310.83,305,296.33,302.57,318.67,314.56,332.03,370.83,426.92,511.54,627.3,847.35,846.68,979.99,878.1,846.46,831.83,813.22,799.81,786.85,869.76,784.72,789.38,791.46,793.79,812.84,831.4,840.96,863.26,879.1,897.96,971.57,999.33,940.32,950.01
mdv,Maldives,3.99,3.96,3.95,3.84,3.63,3.49,3.51,3.47,3.24,3.12,2.84,2.89,2.93,2.96,2.99,3.06,3.42,3.71,4.02,4.58,4.95,5.38,5.58,5.37,5.22,5.17,5.15,5.13,5.51,5.98,6.41,6.71,7.02,7.18,7.29,7.35,7.42,7.26,7.05,6.93,7.12,6.59,6.94,7.28
mex,Mexico,14796.35,14118.77,14286.97,13919.01,14015.96,15648.16,16431.62,16533.34,16672.67,16599.3,16412.41,16776,17225.51,17277.93,17183.81,16806.44,15971.3,15197.01,14961.66,13680.88,12591.89,11942.91,11860.06,11770.37,11313.83,11733.59,11851.34,11660.78,14948.47,19247.09,23237.02,26208.63,25667.87,24060.49,22487.26,23456.74,27167.2,33132.63,37294.4,38490.79,38587.62,37786.56,36992.66,36444.6
mhl,Marshall Islands,2.21,2.28,2.34,2.55,2.61,2.68,2.75,2.82,2.91,3.01,3.14,3.3,3.05,3.01,2.81,2.92,3.01,3.09,3.23,3.31,3.36,3.41,3.45,3.48,3.52,3.53,3.51,3.44,3.36,3.27,3.19,3.07,2.98,2.89,2.79,2.7,2.64,2.54,2.45,2.33,2.28,2.26,2.04,1.91
mkd,North Macedonia,64.61,65.21,65.5,67.68,66.23,64.78,64.26,65,65.29,65.28,64.8,62.94,66.58,67.79,69.54,67.7,68.71,71.79,75.08,73.09,69.4,69.39,68.42,64.06,58.68,54.22,52.45,51.46,46.97,44.34,42.16,39.08,38.89,37.49,36.94,35.85,35.21,33.24,33.52,32.08,32.91,31.75,29.17,28.46
mli,Mali,743.61,651.43,733.87,749.1,748.46,761.32,760.44,779.24,789.92,806.71,830.49,844.76,864.46,895.3,934.35,931.49,968.9,1011.68,1018.3,1078.44,1058.15,1070.56,1135.05,1145.63,1190,1196.83,1220.4,1258.59,1304.04,1356.52,1393.87,1407.61,1545.24,1522.52,1650.54,1711.07,1868.79,2072.83,2170.9,2045.2,2511.65,2494.34,2856.86,2215.89
mlt,Malta,6.33,6.4,6.63,6.58,6.6,6.45,6.13,6.12,6.19,6.29,6.49,6.47,6.54,6.44,6.31,6.1,6.02,5.83,5.83,5.95,5.65,5.8,5.84,5.73,5.72,5.31,5.27,5.33,5.35,5.28,5.2,5.12,5.18,4.88,4.68,4.58,4.51,4.67,4.74,4.75,4.52,4.3,4.36,4.38
mmr,Myanmar,1159.55,1172.79,1190.18,1219.36,1243.69,1267.64,1312.97,1356.1,1401.68,1442.69,1761.81,1968.33,1637.04,1691.52,1732.27,2817.19,1752.85,1618.14,1685.21,1515.62,1496.98,1407.25,1279.61,1235.09,1187.58,1276.79,1127.01,1125.04,1055.7,1029.37,1001.75,988.78,1126.56,1076.73,1063.09,1078.27,1136.75,1089.2,1050.84,1042.67,1066.01,1108.26,1083.96,1053.79
mne,Montenegro,27.54,27.31,27.94,28.1,27.63,27,26.46,26.02,25.66,25.22,25.64,25.28,25.91,26.12,27.33,27.1,27.43,28.35,29.3,30.63,30.95,29.8,28.78,27.93,26.56,25.15,24.58,23.1,21.6,20.72,19.46,18.58,18.14,17.66,17.11,16.79,16.55,15.73,15.89,15.02,14.59,15.36,14.87,14.76
mng,Mongolia,159.39,165.32,172.36,175.72,173.15,180.38,183.91,182.9,191.95,196.55,204.03,221.15,240.86,255.61,270.56,270.48,265.03,262.72,243.64,228.5,218.42,216.28,222.15,228.34,247.25,250.29,248.37,245.06,225.67,220.18,236.27,254.83,241.89,226.64,220.97,218.43,209.51,215.2,211.39,209.37,203.77,202.6,205.17,196.18
moz,Mozambique,933.26,935.52,955.07,1000.36,1022.31,1059.12,1100.95,1138.93,1119.08,1080.04,1070.02,1143.83,1070.8,1059.72,1069.61,1167.6,1240.89,1267.87,1301.6,1310.55,1371.41,1445.58,1505.45,1558.06,1630.35,1730.34,1856.45,1964.55,2001.84,2026.91,2047.62,2023.69,2035.8,2046.57,2064.93,2104.87,2146.76,2171.76,2211.04,2321.19,2369.15,2527,2455.55,2519.03
mrt,Mauritania,80.67,84.45,87.67,92.58,100.2,107.16,111.79,121.49,124.87,232.76,136.37,137.39,141.4,144.83,142.36,144.56,151.14,154.58,160.36,156.32,161.29,167.16,170.81,170.39,179.69,184.2,190,186,185.21,193.1,196.52,193.31,199.86,205.68,204.88,211.78,216.67,228.23,232.64,247.53,255.87,261.25,258.91,265.97
mus,Mauritius,87.53,91.4,84.79,49.81,32.11,27.79,29.67,28.11,26.43,28.41,28.99,33.25,32.38,28.14,24.19,22.21,31.27,39.14,41.04,40.23,39.49,40.2,39.9,40.31,39.85,39.66,36.4,33.28,32.09,30.57,31.77,30.98,28.89,28.02,25.85,25.24,25.62,24.56,22.38,20.66,18.08,15.58,14.13,14.24
mwi,Malawi,259.59,266.66,272.29,278.81,274.43,270.2,291.13,316.18,342.83,379.32,419.98,457.81,515.88,575.91,651.4,735.16,853.94,1057,1327.69,1598.52,1873.95,2101.8,2273.03,2339.14,2385.05,2409.39,2357.19,2339.92,2337.85,2421.93,2535.25,2599.68,2627.04,2648.5,2707.68,2805.78,2898.92,2983.68,3121.95,3221.91,3299.74,3320.32,3424.5,3540.43
mys,Malaysia,378.15,372.15,361.3,346.93,320.66,303.26,282.8,281.64,282.6,284.91,297.33,310.35,325.23,341.99,370.22,418.27,454.1,482.67,508.96,550.03,550.82,570.26,598.4,630.31,640.89,646.16,643.63,647.41,670.74,703.46,730.13,739.05,744.25,748.4,752.74,754,831.77,743.48,724.61,670.61,621.69,622.36,651.23,547.25
nam,Namibia,405.1,414.83,428,441.31,451.96,461.42,474.8,488.86,499.67,522.58,552.47,574.13,608.54,628.83,648.72,667.9,678.77,692.28,729.47,739.74,753.4,761.88,793.07,815.75,798.03,797.89,752.09,778.42,776.61,781.29,785.16,770.75,784.49,802.68,799.1,827.79,853.48,852.01,873.24,911.22,940.4,1014.97,1042.2,1065.01
ner,Niger,514.53,525.97,545.32,561.77,591.5,615.14,645.69,680.48,701.31,725.29,768.59,792.88,819.81,870.48,897.13,942.91,981.86,1036.17,1060.75,1089.37,1140.9,1186.67,1226.49,1257.49,1281.01,1364.26,1406.18,1440.58,1455.38,1564.09,1595.26,1675.31,1745.23,1890.31,2004.27,2085.49,2223.47,2323.85,2398.23,2477.83,2608.02,2833.56,2802.52,2919.12
nga,Nigeria,7229.57,7403.79,7617.7,7946.38,8305.29,8631.67,8981.41,9549.25,9842.82,10265.58,10782.12,11544.03,12361.1,13012.71,12109.97,12458.86,12894.52,13758.3,13974.97,14875.24,16295.04,16463.75,15025.45,14763.08,16236.84,14360.43,14167.93,13783.43,13584.83,13460.78,14280.86,14547.66,13805.4,14632.37,15486.09,15171.17,15753.78,16219.98,17437.4,16185.06,17000,18207.09,18105.46,18187.61
nic,Nicaragua,407.27,426.6,452.42,480.6,496.31,515.05,534.51,568.28,515.26,480.18,485.01,505.53,516.2,529.51,549.61,566.69,573.43,572.26,576.75,572.61,588.21,605.53,639.53,681.74,708.17,729.5,716.79,715.59,713.09,703.59,670.38,653.78,643,628.02,620.59,601.55,604.35,594.1,602.09,591.12,603.09,600.94,569.86,584.83
nld,Netherlands,172.02,177.54,187.68,192.42,194.87,192.69,198.77,196.74,199.9,213.4,218.42,226.96,238.57,236.37,230.52,228.24,222.82,222.54,218.6,227.03,221.81,225.13,225.48,216.1,209.98,187.69,171.77,168.72,169.6,168.01,158.97,160.52,154.36,144.04,143.59,135.08,132.78,138.2,134.23,132.24,125.36,119.97,121.54,120.01
nor,Norway,58.75,62.39,55.8,57.76,55.9,53.55,66,64.15,59.15,61.22,59.47,65.11,57.59,50.89,46.63,51.46,51.98,52,49.14,47.27,52.71,43.39,46.14,49.12,43.17,37.8,42.98,37.12,33.18,34.47,35.5,39.5,38.95,44.66,35.31,28.38,30.76,28.32,26.39,27.49,31.8,28.34,29.96,30.75
npl,Nepal,226.63,225.72,230.08,233.74,241.4,249.65,257.92,273.23,288.24,300.88,319.06,338.5,357.13,374.66,393.61,409.47,421.45,427.16,451.46,466.99,479.34,508.97,531.61,550.12,573.56,600.85,612.41,648.32,632.2,654.38,652.51,637.58,630.52,632.83,628.59,622.08,623.85,609.12,590.39,597.67,605.64,587.29,533.74,526.75
nru,Nauru,0.43,0.44,0.45,0.46,0.47,0.48,0.49,0.5,0.52,0.53,0.54,0.57,0.59,0.62,0.65,0.7,0.74,0.79,0.86,0.91,0.95,1,1.05,1.07,1.08,1.09,1.1,1.1,1.06,1.03,1.01,0.96,0.93,0.91,0.89,0.9,0.91,0.93,0.94,0.95,1,1.08,0.97,0.94
nzl,New Zealand,48.78,50.12,49.33,56.14,54.86,73.76,80.92,78.78,75.1,83.96,86.7,82.45,84.61,70.33,74.34,75.04,73.08,69.8,64.37,60.77,66.33,65.68,71.35,67.17,63.76,73.14,71.28,64.66,64.96,74.21,64.19,61.42,60.55,60.28,55.48,60.63,60.62,54.57,71.4,99.33,96.16,97.86,99.13,102.03
omn,Oman,14.92,14.39,14.24,14.08,14.12,14.02,13.79,13.92,14.09,14.1,14.24,13.44,13.22,13.48,14.07,14.22,13.94,13.66,13.86,13.87,13.94,13.58,13.8,14.55,15.4,15.6,16.05,16.23,17.12,17.79,18.39,19.45,21.38,22.45,23.46,24.88,26.74,26.6,25.59,24.23,25.89,27.4,26.84,27.6
pak,Pakistan,2229.58,2288.11,2320.12,2377.76,2476.99,2583,2636.67,2769.06,2886.36,3056.61,3385.03,3188.74,3312.44,3447.5,3566.18,3619.1,3680.73,3824.55,3980.01,4085.13,4212.31,4353.19,4494.15,4510.51,4621.54,4582.84,4676.09,5233.6,5549.27,5252.62,5353.62,5228.53,5196.05,5282.43,5321.97,5395.3,5596.94,5677.82,5785.31,5876.45,6291.61,6355.42,5765.26,6078.99
pan,Panama,122.48,127.31,127.36,128.15,135.09,159.62,173.96,196.43,212.48,231.37,232.76,239.67,259.08,297.76,311.15,323.26,316.81,329.89,328.92,329.37,345.11,367,392.12,385.86,391.37,419.14,454.89,521.59,622.79,717.08,747.45,747.7,729.55,690,643.84,590.42,549.6,551.72,580.54,622,664.19,715.85,656.6,668.25
per,Peru,419.5,405.39,433.04,514.56,565.47,654.3,736.15,807.93,896.06,1006.03,1135.62,1236.33,1325.43,1394.6,1422.49,1402.56,1366.47,1337.77,1252.93,1098.78,1024.55,952.22,940.8,975.03,1003.68,1016.68,1024.63,1024.61,1049.49,1108.09,1110.86,1093.25,1094.59,1066.15,1060.67,1071.16,1089.55,1160.8,1218,1218.22,1260.85,1327.24,1478.43,1871.85
phl,Philippines,9270.28,9296.5,9879.83,10557.47,10967.29,11699.54,12134.89,12331.27,12424.57,12295.43,12233.87,12233.25,12477.48,12653.77,12656.24,12698.74,13116.25,13405.28,14022.47,14109.07,14651.49,15258.2,15489.26,15320.57,15117.84,14993.96,14626.59,14038.28,13678.59,13551.72,13323.55,12972.62,12671.58,12350.16,12182.23,12518.88,12747.18,12782.36,11403.37,10727.36,9968.28,9998.33,9176.57,9326.91
plw,Palau,1.46,1.48,1.5,1.53,1.56,1.59,1.63,1.67,1.69,1.69,1.69,1.7,1.7,1.74,1.76,1.78,1.82,1.85,1.91,1.94,1.98,2.01,2.02,2.01,2.02,1.99,1.93,1.86,1.78,1.73,1.66,1.59,1.54,1.52,1.5,1.48,1.48,1.47,1.43,1.35,1.37,1.42,1.3,1.26
png,Papua New Guinea,172.51,177.56,177.71,183.25,186.72,191.79,196.91,198.54,201.71,205.83,210.91,216.25,219.49,222.3,225.41,229.77,236.81,239.55,251.43,319.6,277.22,333.48,289.34,288,295.3,310.08,321.61,332.87,351.25,364.65,412.62,460.6,573.42,496.63,509.87,537.38,531.08,539.42,546.66,575.53,585.01,705.63,726.26,615.46
pol,Poland,817.53,821.61,847.2,913.6,980.69,924.89,931.76,930.82,992.52,1145.57,1371.93,1450.96,1494.93,1421.19,1498.56,1464.39,1390.81,1412.53,1304.57,1299.34,1194.85,1063.95,1048.09,979.58,949.07,938.27,936.8,894.88,845.2,766.35,698.87,725.8,684,658.03,591.99,543.45,539.89,532.88,534.59,610.06,582.52,532.24,443.28,417.49
prk,North Korea,671.18,672.42,682.21,685.46,680.65,683.46,685.16,694.43,705.28,722.53,726.02,729.47,741.5,749.48,774.05,769.77,778.69,798.98,826.22,830.83,831.03,841.33,853.65,844.3,838.36,812.24,820.12,820.52,816.88,812.25,799.03,789.06,777.3,769.48,784.66,788.05,790.69,787.51,789.03,802.45,796.09,807.91,764.2,733.01
prt,Portugal,202.51,209.07,217.78,234,280.74,287.66,283.94,294.74,301.41,309.8,318.92,320.11,308.15,300.11,293.94,298.24,294.59,296.06,289.99,286.78,276.97,261.89,250.52,235.16,228.54,195.14,200.83,202.53,208.56,198.88,193.76,178.69,172.79,157.81,145.75,141.64,132.83,130.32,131.6,136.51,134.15,126.58,131.61,134.87
pry,Paraguay,286.04,275.38,265.88,265.75,270.77,266.79,269.07,272.16,281.19,291.85,315.23,331.36,367.94,431.38,520.58,604.48,679.94,737.55,778.84,846.98,898.36,938.03,974.88,999.99,1006.93,975.19,962.16,921.16,905.86,908.91,869.54,832.66,827.51,815.72,824.69,836,832.86,807.74,795.74,817.38,820.58,877.36,914.02,902.25
pse,Palestine,37.05,37.08,36.45,37.1,38.61,40.48,41.56,43,45.05,46.75,48.17,52.32,53.13,54.28,56.88,58.67,62.07,63.61,68.68,75.15,84.25,97.85,114.32,125.54,141.31,153.38,202.86,419.05,218.06,210.64,223.09,234.82,262.83,278.27,288.9,267.99,251.75,235.09,221.54,197.2,183.74,175.42,184.12,179.14
qat,Qatar,3.36,3.5,3.53,3.58,3.34,3.19,3.12,3.01,2.82,2.54,2.55,2.51,2.53,2.59,2.78,2.99,3.02,2.93,2.93,2.88,2.88,3.44,3.97,4.59,5.86,7.35,9.1,10.89,12.32,13.42,14.49,14.58,14.91,15.13,15.34,14.76,13.97,13.27,11.82,10.71,10.04,9.61,10.02,10.04
rou,Romania,797.49,832.3,823.56,871.12,881.43,884.77,919.35,921.16,947.28,1000.93,1157.3,1115.42,1159.43,1075.07,1094.22,1028.23,979.39,971.69,899.44,903.94,880.42,857.43,861.73,833.67,738.85,646.64,593.09,564.39,562.98,547.16,532.17,477.99,466.71,423.2,408.67,373.1,360.91,337.13,326.93,329.42,315.27,290.39,302.51,287.75
rus,Russia,22117.04,22911.95,21654.62,22360.43,23031.18,23370.65,20744.57,19853.78,21693.38,24042.34,27170.3,30747.27,41326.54,55436.43,63032.08,61707.64,52763.59,48124.68,47089.87,52393.54,55205.97,56060.85,57274.39,55547.19,52616.03,49054.78,40619.6,36947,34741.11,31049.51,29980.64,28022.56,26489.65,25618.76,24599.62,23752.39,21816.4,19719.29,18412.39,17839.32,17716.63,16835.88,16625,16759.91
rwa,Rwanda,1045.27,1052.46,1080.67,1129.49,1170.49,1238.09,1303.12,1405.45,1505.21,1599.34,1704.49,1779.42,1863.17,1959.25,1868.48,1433.03,1181.32,1365.03,1348.53,1220.89,1076.02,934.5,849.62,797.48,789.38,762.75,748.88,718.2,692.26,672.15,670.85,655.06,654.8,657.72,670.88,677.86,677.64,670.59,672.21,688.48,719.94,753.24,754.05,766.55
sau,Saudi Arabia,125.17,129.72,133.78,141.72,152.12,163.41,174.93,189.79,205.82,220.51,234.4,243.5,245.58,256.45,263.32,267.43,274.04,275.56,284.93,292.96,297.36,307.06,317.48,328,334.16,343.51,353.43,362.65,369.49,380.49,393.21,383.68,385.48,387.29,400.04,401.45,402.43,404.24,397.57,388.61,391.87,374.84,383.7,383.33
sdn,Sudan,60.15,61.76,63.04,65.2,68.38,70.13,73.76,77.1,77.89,2095.92,117.86,1081.32,1114.17,4079.73,239.31,175.15,463.61,727.29,496.16,644,519.26,219.73,380.64,462.75,580.81,976.55,1003.6,1477.57,963.17,2778.13,1266.05,1554.59,616.73,1878.28,1507.5,1446.79,757.18,838.57,626.58,603.33,1105.76,1292.69,1819.37,521.53
sen,Senegal,143.04,143.87,139.41,142.72,145.21,147.58,142.48,146.73,151.61,285,160.53,160.53,160.74,159.36,160.72,159.31,159.78,158.4,166.1,155.32,146.59,175.18,171.46,159.59,176.81,180.12,302.24,188.34,199.57,207.49,210.14,206.76,198.98,206.55,225.1,228.06,245.64,253.06,265.55,271.6,276.84,275.73,298.16,306.87
sgp,Singapore,79.92,81.75,80.25,83.13,77.97,59.47,47.93,51.03,52.87,54.42,53.37,52,51.37,55.37,55.25,54.65,57,61.57,63.35,62.09,63.29,62.01,59.89,59.88,58.73,57.83,56.92,55.02,55.41,51.77,48.89,44.1,41.38,40.09,38.79,37.36,36.12,34.1,31.87,31.83,30.08,29.15,27.56,31.6
slb,Solomon Islands,6.77,6.92,7.05,7.33,7.58,7.93,8.4,8.79,9.14,9.6,9.97,10.52,10.66,11.04,11.36,11.64,11.91,12.21,12.64,13.02,13.48,13.86,14.38,14.8,14.98,15.68,15.93,16.24,16,16.74,16.76,17.67,18.11,18.75,19.7,20.52,21.28,22.28,23.31,24.45,25.69,31.85,26.35,26.22
sle,Sierra Leone,95.99,97.9,100.08,102.99,105.34,108.58,110.93,115.81,118.02,118.48,116.73,127.28,117.12,109.55,126.94,142.11,104.06,137.93,101.58,113.51,99.99,103.45,112.94,126.11,139.4,150.26,166.46,189.65,213.17,251,307.52,363.04,435.59,511.17,587.93,669.78,765.64,832.84,876.08,911.52,905.3,912.27,890.16,893.67
slv,El Salvador,4136.12,4632.17,4114.37,3734.57,3160.8,2854.06,2684.02,2752.38,2768.88,2733.44,2747.33,2802.75,2966.01,3188.93,3442.31,3539.92,3552.42,3649.04,3677.45,3414.7,3349.38,3276.35,3266.51,3440.88,3769.54,3970.17,4145.27,4134.3,4035.69,4108.47,3903.27,3805.31,6875,6738.87,7367.95,8133.56,4728.2,4475.36,4255.08,4069.59,3997.89,3995.1,3540.13,3481.86
smr,San Marino,0.1,0.1,0.1,0.1,0.09,0.09,0.09,0.09,0.09,0.08,0.08,0.08,0.08,0.08,0.08,0.07,0.07,0.07,0.06,0.06,0.06,0.06,0.06,0.06,0.06,0.06,0.06,0.06,0.06,0.06,0.05,0.06,0.06,0.05,0.05,0.05,0.05,0.05,0.05,0.05,0.05,0.05,0.04,0.05
som,Somalia,962.17,1157.18,1142.79,1022.8,1047.73,1102.02,1172.86,1222.78,1266.81,1266.62,1302.9,1268.91,4803.23,1795.51,1823.77,1957.42,2275.95,2216.03,2472.86,2833.54,2719.05,2998.58,3462.02,3449.32,3819.01,3541.39,3896.41,3367.12,3541.66,4143.81,3998.88,3539.77,3672.99,3425.68,3547.29,3620.16,3746.72,3819.22,3990.99,4040.09,4383.62,4414.39,4454.83,4659.02
srb,Serbia,416.39,420.82,421.47,437.98,422.88,405.41,394.8,390.84,384.15,376.98,375.09,367.51,380.92,398.43,435.73,444.19,455.45,458.35,421.54,420.68,429.15,386.88,372.26,351.81,330.23,312.52,294.9,282.71,266.12,249.43,231.19,217.83,212.38,200.24,194.01,190.71,180.08,178.77,173.43,172.16,173.75,169.98,156.7,153.95
ssd,South Sudan,439.97,459.93,479.2,509.9,519.68,603.97,642.22,677.84,694.43,726.38,703.66,716.79,762.75,814.88,857.24,950.4,973.62,959.68,1009.32,1035.15,1087.92,1085.01,1125.9,1184.49,1236.41,1251.66,1290.92,1306.43,1301.51,1332.98,1335.12,2311,1944.48,1722.74,1616.56,1937.22,2056.77,2295.95,2155.72,1985.56,2520.98,2671.36,2604.03,2856.77
stp,Sao Tome and Principe,4.48,4.57,4.54,4.6,4.72,4.77,4.94,5.51,6.7,7.35,8.03,8.45,8.94,9.19,9.2,8.83,8.97,9.11,9.47,9.55,9.54,9.76,9.95,9.99,9.97,9.91,10.67,10.85,10.98,10.98,11.15,10.87,10.72,10.88,11.2,11.36,11.77,11.95,12.18,12.42,12.61,13.21,12.62,12.55
sur,Suriname,28.32,26.91,28.44,30.24,31.59,31.2,30.35,29.73,29.79,30.65,31.17,31.49,32.7,35.01,34.82,33.08,33.45,35.17,38.13,39.97,38.87,39.21,42.77,46.47,49.5,51.82,53.71,55,55.78,57.04,58.31,58.73,58.09,57.2,56.59,56.74,57.24,56.08,55.6,56.56,60.3,64.4,60.54,58.63
svk,Slovak Republic,188.91,193.59,189.96,193.8,187.79,182.83,181.42,179.86,182.64,190.11,196.73,192.57,194.8,187.51,186.76,183.73,177.84,187.73,191.18,188.41,184.06,176.09,174.86,169.23,161.15,159.61,157.67,155.93,144.96,134.11,122.51,118.34,112.86,106.82,105.33,104.47,97.97,96.22,97.06,93.46,90.76,93.04,91.11,88.07
svn,Slovenia,40.2,41.48,42.44,42.5,40.2,38.41,37.11,36.41,35.7,38.5,43.42,45.73,47.15,45.25,45.69,43.8,42.68,46.59,41.55,39.29,35.79,33.86,33.44,32.4,30.56,26.61,25.63,24.37,21.68,20.17,19.08,19.63,19.07,18.35,16.65,15.47,15.31,15.05,13.98,13.98,14.1,14.06,14.4,14.79
swe,Sweden,144.59,148.81,148.9,148.23,149.99,146.48,152.74,151.65,160.44,168.16,166.9,169.69,165.53,158.09,151.2,143.33,139.62,137.16,134.15,134.99,129.99,127.38,134.07,128.2,129.27,122.35,120.3,124.22,119.22,118.27,115.35,116.82,112.12,112.07,113.78,117.05,115.4,118.28,117.15,115.66,114.04,99.8,98.24,98.18
swz,Eswatini,423.86,439.71,463.31,489.78,506.55,536.9,554.69,558.31,545.46,525.32,490.03,471.23,464.91,451.1,447.99,455.83,462.18,461.49,466.39,469.34,473.42,505.38,540.64,594.7,651.46,693.28,696.14,692.98,684.62,678.2,672.92,650.04,626.53,596.89,574.28,560.59,544,536.74,536.07,535.02,529.69,540.04,525.5,519.43
syc,Seychelles,3.38,3.47,3.56,3.67,3.64,3.61,3.69,3.85,3.96,4.06,4.22,4.21,4.24,4.32,4.56,4.64,4.67,4.73,4.82,4.86,4.93,5.04,5.06,5.02,4.88,4.61,4.48,4.3,4.1,4.08,4.12,4.07,3.92,3.89,3.89,3.79,3.65,3.48,3.39,3.39,3.31,3.5,3.4,3.53
syr,Syria,284.89,280.15,262.52,256.79,242.35,241.38,234.48,224.9,212.32,207.09,199.16,192.6,186.41,186.53,196.62,213.66,238.88,264.69,312.51,361.29,381.62,398.48,411.37,408.69,424.34,434.83,443.99,449.64,476.42,474.08,485.16,456.88,455.14,624.37,1429.07,831.49,1257.48,1687.3,758.9,472.46,1070.56,671.65,965.23,879.24
tcd,Chad,454.1,468.72,487.47,503.87,522.95,531.59,538.26,552.95,548.69,560.9,638.82,627.08,647.38,691.46,693.58,709.88,759.79,795.28,838.72,868.32,976.66,946.58,976.23,1009.09,1011.84,1027.33,1257.21,1198.23,1079.07,1108.98,1132.83,1139.51,1158.21,1226.41,1272.34,1334.58,1416.13,1518.57,1574.64,1760.39,1779.65,2011.37,1897.8,1911.1
tgo,Togo,181.69,189.99,198.67,211.64,221.55,233.17,244.87,262.75,273.54,284.67,297.41,338.66,319.69,336.06,346.73,357.12,366.83,376.66,393.48,396.14,411.11,422.11,435.82,444.96,450.28,461.73,473.91,479.9,498.15,526.82,551.86,563.94,560.84,565.57,576.74,595.99,628.04,653.63,668.78,693.66,708.2,722.06,694.64,694.87
tha,Thailand,4465.45,4538.9,4502.72,4411.52,4067.38,3821.83,3670.25,3672.48,3761.67,3994.88,4178.59,4322.45,4485.58,4694.84,5073.78,5296.82,5070.25,4530.47,4473.58,4810.56,5211.83,5427.74,5580.64,5610.71,5464.79,5207.7,5240.34,5168.25,5048.3,5099.74,5209.2,4946.68,4812.3,4595.4,4411.34,4243.82,4064.32,3793.27,3619.56,3603.71,3629.36,3654.6,3726.99,3586.44
tjk,Tajikistan,177.94,180.08,181.23,188.28,189.68,195.45,200.36,222.88,259.75,300.46,373.34,451.49,1121.21,776.47,899.95,875.38,848.85,740.35,612.78,484.58,397.07,318.34,256,202.73,168.19,136.92,117.08,103.58,101.38,96.26,106.53,111.95,117.52,129.05,135.57,146.39,157.53,157.24,156.37,154.99,181.69,187.98,201.35,199.66
tkm,Turkmenistan,175.42,180.77,158.5,162.25,136.04,135.87,117.32,118.42,150.44,188.27,222.43,241.65,277.47,300.84,288.17,267.99,294.72,308.31,327.65,287.97,233.49,226.63,226.73,227.75,231.97,225.67,209.4,213.71,218.26,216.29,228.84,225.96,212.4,215.03,202.33,197.6,197.31,192.12,191.61,193.16,199.27,191.4,192.51,186.93
tls,Timor-Leste,34.72,34.74,34.54,34.97,35.28,35.48,35.77,36.23,36.76,37.06,37.25,36.62,36.56,36.23,35.07,33.88,32.84,31.38,31.09,30.38,30.78,30.39,28.65,29.7,26.43,29.56,30.52,32.03,30.83,31.22,31.71,34.68,36.77,37.75,38.62,39.72,41.51,42.52,44.02,44.64,45.85,47.37,48.08,48.39
ton,Tonga,5.63,5.86,5.92,6.05,5.97,5.94,5.93,5.84,5.81,5.83,5.78,5.6,5.35,5.2,5,4.68,4.3,3.82,3.34,2.81,2.16,1.62,1.26,1.11,1.13,1.14,1.15,1.16,1.16,1.17,1.18,1.15,1.15,1.16,1.14,1.12,1.11,1.09,1.09,1.08,1.1,1.12,1.06,1.04
tto,Trinidad and Tobago,97.15,95.75,98.23,101.61,112.48,133.73,132.03,137.22,133.42,131.12,128.47,137.52,147.62,153.25,165.52,164.25,160.7,156.44,162.06,166.91,180.84,203.73,223.38,264.8,306.43,373.35,383.95,402.28,433.98,434.79,413.62,387.34,369.62,368.5,363.37,361.66,374.16,373.73,368.46,368.17,361.92,352.26,358.85,361.24
tun,Tunisia,122.23,125.02,125.4,123.22,119.92,119.45,119.89,120.59,121.68,123.67,126.08,125.25,126.8,128.15,129.11,128.41,126.59,127.93,126.95,133.27,137.04,142.5,144.07,146.17,144.96,144.73,146.7,145.8,145.1,145.2,146.48,146.29,149.85,150.85,154.37,173.99,192.32,419.48,365.89,177.17,144.61,128.89,132.94,132.33
tur,Turkey,2016.21,2038.27,1980.43,2005.83,2095.04,2120.77,2168.29,2133.45,2137.46,2178.92,2170.79,2171.93,2138.83,2190.5,2274.85,2231.72,2194.68,2099.64,2097.45,2045.45,1928.84,1907.03,1816.44,1726.72,1584.11,1482.08,1430.17,1375.45,1309.77,1303.15,1326.69,1294.73,1376.48,1475.35,1592.61,1627.45,1691.65,1686.46,1667.19,1565.86,1534.9,1509.71,1599.16,1607.42
tuv,Tuvalu,0.65,0.7,0.72,0.75,0.75,0.76,0.75,0.74,0.72,0.7,0.7,0.66,0.64,0.63,0.61,0.61,0.62,0.62,0.63,0.64,0.65,0.66,0.67,0.68,0.68,0.7,0.72,0.74,0.74,0.77,0.8,0.81,0.83,0.85,0.87,0.88,0.92,0.91,0.93,0.93,0.95,0.89,0.8,0.8
tza,Tanzania,2132.38,2193.12,2226.71,2321.32,2374,2445.37,2540.09,2672.75,2770.35,2832.41,2937.74,3041.86,3147.33,3307.15,3440.96,3579.37,3695.51,3815.83,3925.1,3934.9,3934.17,3925.89,3953.41,4023.33,4009.33,3997.01,3994.82,4063.29,4045.25,4081.67,4039.15,3996.47,4094.29,4135.69,4090.29,4156.32,4181.81,4233.79,4187.37,4182.91,4107.85,4127.61,4126.14,4261.41
uga,Uganda,1695.72,1567,1925.16,1978.61,1982.55,1951.83,1923.87,1986.06,1957.94,2213.56,2373.25,2587.03,2725,2910.79,3077.53,3230.47,3340.78,3451.18,3701.5,3967.62,4365.4,3856.06,3884.01,4265.82,3999.38,4161.69,4120.32,4121.37,4104.18,4187.6,4175.88,4224.38,4305.01,4499.95,4716.87,4838.34,5061.77,5097.96,5127.83,5175.43,5193.99,5365.32,5212.46,5329.76
ukr,Ukraine,2506.24,2667.69,2662.17,2583.71,2297.18,2021.26,1781.99,1868.77,2252.13,2992.39,3615.51,4263.84,5439.87,6220.46,7470.35,8497.15,8131.33,7206.01,6626.21,6942.56,7192.46,6974.7,6908.78,6494.87,6575.74,7209.93,6769.14,6784.87,6160.7,5073.86,4545.07,4126.49,3960.06,4005.77,4234.98,3696.91,3365.21,3295.71,3359.45,3369.1,3323.5,3139.73,2995.93,2893.97
ury,Uruguay,112.72,118.32,121.94,117.23,120.83,124.57,137.18,145.63,154.32,169.06,161.63,158.28,155.95,159.28,162.2,162.33,165.72,176.05,187.92,194.64,196.71,200.78,204.32,188.63,176.02,169.66,166.83,162.46,160.51,169.63,180.12,193.83,211.76,211.7,222.29,233.01,236.2,255.62,290.94,299.18,282.04,255.08,292.84,284.08
usa,USA,24914.21,24375.43,22871.38,21271.41,20872.6,21104.34,22416.22,22541.16,23126.08,23793.32,25522.02,26437.82,25831.8,26080.8,25355.87,23943.67,21559.67,19709.1,18641.92,17867.88,17621.52,18126.19,18475.22,18337.73,18248.28,18932.36,19496.95,19180.81,18602.57,17744.52,17024.23,16894.55,17199.15,16481.33,16602.61,18348.83,20071.37,20473.57,19662.92,20417.09,25002.77,26793.84,25932.18,24528.04
uzb,Uzbekistan,810.58,848.03,845.8,842.09,696.32,682.17,593.24,602.16,779.98,1038.84,1262.1,1289.65,1357.73,1332.64,1346.91,1356.38,1338.14,1223.6,1109.14,1003.67,992.03,980.41,971.83,875.32,991.05,1077.68,1047.57,928.28,794.2,766.84,761.58,718.98,739.78,728.87,676.71,728.53,753.18,670.59,616.04,599.57,634.2,642.42,586.44,569.96
vct,St. Vincent and the Grenadines,10.74,11.03,11.1,10.91,11.31,12,12.69,12.85,13,12.78,12.96,13.08,13.94,15.6,16.15,16.41,16.45,16.24,17.33,16.85,16.88,17.51,18.51,19.94,22.12,25.08,23.38,23.55,23.76,26.67,25.69,26.63,26.86,28.1,28,27.82,27.86,26.61,24.35,23.97,25.15,24.52,24.11,23.57
ven,Venezuela,1834.17,1774.09,1914.79,2054.01,1894.58,1775.31,1685.85,1824.66,2080.92,2569.54,2957.17,3331.59,3812.93,4316.37,4855.14,5059.28,5186.11,5029.62,5439.84,6555.77,8101.13,9117.07,10465.54,11603.95,11204.38,11309.37,12223.52,13364.92,14278.07,14489.99,14164.32,14141.81,14844.95,14675.21,15588.62,17086.8,19048.84,18247.58,17288.61,14876.14,13840.3,13294.85,12621.44,11582.86
vnm,Vietnam,1531.03,1546.56,1567.72,1589.26,1596.48,1621.69,1645.75,1689.66,1691.43,1707.86,1752.45,1784.2,1794.25,1817.64,1844.16,1846.66,1839.43,1846.46,1864.48,1814.48,1788.76,1789.5,1802.45,1821.02,1811.17,1802.96,1839.67,1858.07,1886.73,1924.83,1943.04,1898.9,1907.48,1900.03,1854.91,1870.56,1813.11,1772.59,1735.45,1772.39,1674.16,1588.67,1655.99,1617.32
vut,Vanuatu,0.66,0.67,0.69,0.68,0.68,0.69,0.7,0.7,0.74,0.78,0.78,0.82,0.86,0.88,0.92,0.95,0.98,1,1.05,1.08,1.1,1.14,1.14,1.13,1.15,1.21,1.22,1.27,1.27,1.27,1.29,1.3,1.3,1.32,1.36,1.39,1.44,1.47,1.5,1.53,1.59,1.71,1.66,1.64
wsm,Samoa,7.84,8.02,8.27,8.44,8.51,8.71,8.83,8.89,8.99,9.01,9.13,9.23,9.32,9.36,9.46,9.52,9.51,9.55,9.6,9.7,9.81,9.81,9.86,9.64,9.49,9.31,9.07,8.95,8.76,8.79,8.81,8.67,8.82,8.99,9.14,9.31,9.57,9.64,9.73,9.78,9.94,9.94,9.85,9.62
yem,Yemen,234.3,227.39,223.13,219.6,219.92,219.83,222.48,225.51,228.96,232.59,241.05,245.86,247.95,256.35,263.81,269.07,274.65,282.28,287.93,293.76,308,314.19,331.17,350.06,373.64,393.06,408.3,431.8,454.04,462.95,465.27,444.44,451.63,451.17,921.53,871.41,1474.33,934.07,871.33,655.9,1053.79,763.53,931.84,672.6
zaf,South Africa,12725.62,12839.47,13147.86,13420.65,13354.75,13485.93,13435.3,13235.62,13205.09,13421.03,14572.62,14314.11,15027.74,15763.16,16881.95,17117.55,18043.04,18914.68,19780.22,19451.22,18911.59,18983.14,19599.61,20270.3,19645.85,19591.44,19811.53,20506.66,20508.66,20650.69,20775.79,20456.57,21046.61,21309.87,21733.34,22406.97,22706.09,22207.28,22040.83,21970.5,20461.56,20636.14,21703.53,23066.35
zmb,Zambia,667.89,710.3,749.57,806.54,849.96,916.33,973.99,1055.79,1104.24,1162.8,1231.99,1327.9,1464.69,1572.27,1717.93,1870.19,1980.2,2080.67,2208.39,2255.22,2227.05,2228.57,2222.48,2166.07,2138.81,2175.04,2159.26,2186.68,2252.47,2310.96,2377.02,2386.87,2409.1,2459.24,2512.72,2579.81,2668.44,2756.54,2833.5,2920.69,3010.56,3229.81,3136.52,3231.5
zwe,Zimbabwe,1146.87,1147.85,1179.67,1203.03,1194.86,1181.34,1166.7,1199.93,1155.06,1170.36,1193.29,1204.94,1301.57,1361.11,1489.29,1670.4,1819.3,2033.76,2275.97,2445.9,2572.29,2657.11,2691.84,2680.08,2578.98,2503.86,2331.26,2210.22,2362.79,2464.72,2635.5,2787.28,2846.92,2841.22,2834.06,2846.48,2859.01,2797.37,2831.94,2881.64,2862.67,2865.54,2933.09,2890.83
